Rk,Name,Age,Tm,Lg,W,L,W-L%,ERA,G,GS,GF,CG,SHO,SV,IP,H,R,ER,HR,BB,IBB,SO,HBP,BK,WP,BF,ERA+,FIP,WHIP,H9,HR9,BB9,SO9,SO/W
1,LgAvg per 180 IP,,,,10,10,.498,4.48,93,21,21,0,0,5,180,169,98,90,27,71,2,182,10,1,8,775,101,4.48,1.332,8.4,1.4,3.6,9.1,2.56
2,Lance Lynn\lynnla01,33,TEX,AL,6,3,.667,3.32,13,13,0,1,0,0,84.0,64,34,31,13,25,0,89,6,0,2,344,136,4.19,1.060,6.9,1.4,2.7,9.5,3.56
3,German Marquez\marquge01,25,COL,NL,4,6,.400,3.75,13,13,0,0,0,0,81.2,78,41,34,6,25,0,73,0,0,4,344,140,3.28,1.261,8.6,0.7,2.8,8.0,2.92
4,Kyle Hendricks\hendrky01,30,CHC,NL,6,5,.545,2.88,12,12,0,1,1,0,81.1,73,26,26,10,8,1,64,1,0,1,315,155,3.55,0.996,8.1,1.1,0.9,7.1,8.00
5,Shane Bieber\biebesh01,25,CLE,AL,8,1,.889,1.63,12,12,0,0,0,0,77.1,46,15,14,7,21,0,122,1,0,5,297,281,2.07,0.866,5.4,0.8,2.4,14.2,5.81
6,Yu Darvish\darviyu01,33,CHC,NL,8,3,.727,2.01,12,12,0,0,0,0,76.0,59,18,17,5,14,1,93,2,0,3,297,221,2.23,0.961,7.0,0.6,1.7,11.0,6.64
7,Aaron Civale\civalaa01,25,CLE,AL,4,6,.400,4.74,12,12,0,1,0,0,74.0,82,39,39,11,16,0,69,3,1,0,312,97,4.03,1.324,10.0,1.3,1.9,8.4,4.31
8,Brandon Woodruff\woodrbr01,27,MIL,NL,3,5,.375,3.05,13,13,0,1,0,0,73.2,55,26,25,9,18,0,91,4,0,1,293,149,3.20,0.991,6.7,1.1,2.2,11.1,5.06
9,Antonio Senzatela\senzaan01,25,COL,NL,5,3,.625,3.44,12,12,0,1,0,0,73.1,71,29,28,9,18,0,41,4,0,0,303,153,4.57,1.214,8.7,1.1,2.2,5.0,2.28
10,Trevor Bauer\bauertr01,29,CIN,NL,5,4,.556,1.73,11,11,0,2,2,0,73.0,41,17,14,9,17,1,100,3,0,3,278,276,2.88,0.795,5.1,1.1,2.1,12.3,5.88
11,Gerrit Cole\colege01,29,NYY,AL,7,3,.700,2.84,12,12,0,2,1,0,73.0,53,27,23,14,17,0,94,2,0,2,288,151,3.89,0.959,6.5,1.7,2.1,11.6,5.53
12,Lucas Giolito\giolilu01,25,CHW,AL,4,3,.571,3.48,12,12,0,1,1,0,72.1,47,31,28,8,28,0,97,2,0,3,288,128,3.19,1.037,5.8,1.0,3.5,12.1,3.46
13,Zac Gallen\galleza01,24,ARI,NL,3,2,.600,2.75,12,12,0,0,0,0,72.0,55,24,22,9,25,0,82,2,0,4,291,167,3.66,1.111,6.9,1.1,3.1,10.3,3.28
14,Aaron Nola\nolaaa01,27,PHI,NL,5,5,.500,3.28,12,12,0,2,1,0,71.1,54,31,26,9,23,2,96,2,0,1,289,139,3.19,1.079,6.8,1.1,2.9,12.1,4.17
15,Zack Wheeler\wheelza01,30,PHI,NL,4,2,.667,2.92,11,11,0,0,0,0,71.0,67,26,23,3,16,2,53,7,0,0,288,156,3.22,1.169,8.5,0.4,2.0,6.7,3.31
16,Kyle Freeland*\freelky01,27,COL,NL,2,3,.400,4.33,13,13,0,0,0,0,70.2,77,34,34,9,23,0,46,3,0,0,304,122,4.65,1.415,9.8,1.1,2.9,5.9,2.00
17,Framber Valdez*\valdefr01,26,HOU,AL,5,3,.625,3.57,11,10,0,0,0,0,70.2,63,32,28,5,16,0,76,5,1,6,288,126,2.85,1.118,8.0,0.6,2.0,9.7,4.75
18,Luis Castillo\castilu02,27,CIN,NL,4,6,.400,3.21,12,12,0,1,0,0,70.0,62,31,25,5,24,0,89,1,0,1,292,148,2.65,1.229,8.0,0.6,3.1,11.4,3.71
19,Marco Gonzales*\gonzama02,28,SEA,AL,7,2,.778,3.10,11,11,0,1,0,0,69.2,59,27,24,8,7,0,64,4,0,0,277,136,3.32,0.947,7.6,1.0,0.9,8.3,9.14
20,Zach Davies\davieza02,27,SDP,NL,7,4,.636,2.73,12,12,0,0,0,0,69.1,55,26,21,9,19,0,63,0,0,2,276,157,3.88,1.067,7.1,1.2,2.5,8.2,3.32
21,Dinelson Lamet\lametdi01,27,SDP,NL,3,1,.750,2.09,12,12,0,0,0,0,69.0,39,18,16,5,20,0,93,4,0,1,267,205,2.48,0.855,5.1,0.7,2.6,12.1,4.65
22,Carlos Carrasco\carraca01,33,CLE,AL,3,4,.429,2.91,12,12,0,0,0,0,68.0,55,22,22,8,27,0,82,2,0,6,280,157,3.59,1.206,7.3,1.1,3.6,10.9,3.04
23,Jacob deGrom\degroja01,32,NYM,NL,4,2,.667,2.38,12,12,0,0,0,0,68.0,47,21,18,7,18,0,104,0,0,4,268,178,2.26,0.956,6.2,0.9,2.4,13.8,5.78
24,Kyle Gibson\gibsoky01,32,TEX,AL,2,6,.250,5.35,12,12,0,1,1,0,67.1,73,44,40,12,30,1,58,6,0,1,301,85,5.39,1.530,9.8,1.6,4.0,7.8,1.93
25,Max Scherzer\scherma01,35,WSN,NL,5,4,.556,3.74,12,12,0,1,0,0,67.1,70,30,28,10,23,1,92,1,0,6,295,123,3.46,1.381,9.4,1.3,3.1,12.3,4.00
26,Zack Greinke\greinza01,36,HOU,AL,3,3,.500,4.03,12,12,0,0,0,0,67.0,67,30,30,6,9,0,67,1,0,3,273,111,2.80,1.134,9.0,0.8,1.2,9.0,7.44
27,Hyun Jin Ryu*\ryuhy01,33,TOR,AL,5,2,.714,2.69,12,12,0,0,0,0,67.0,60,22,20,6,17,0,72,1,0,1,275,164,3.01,1.149,8.1,0.8,2.3,9.7,4.24
28,Andrew Heaney*\heanean01,29,LAA,AL,4,3,.571,4.46,12,12,0,0,0,0,66.2,63,35,33,9,19,1,70,2,0,2,279,101,3.79,1.230,8.5,1.2,2.6,9.5,3.68
29,Kenta Maeda\maedake01,32,MIN,AL,6,1,.857,2.70,11,11,0,0,0,0,66.2,40,20,20,9,10,0,80,0,0,0,248,161,3.00,0.750,5.4,1.2,1.4,10.8,8.00
30,Dylan Bundy\bundydy01,27,LAA,AL,6,3,.667,3.29,11,11,0,1,0,0,65.2,51,27,24,5,17,1,72,4,0,2,267,137,2.95,1.036,7.0,0.7,2.3,9.9,4.24
31,Patrick Corbin*\corbipa01,30,WSN,NL,2,7,.222,4.66,11,11,0,0,0,0,65.2,85,35,34,10,18,1,60,0,1,1,295,99,4.17,1.569,11.6,1.4,2.5,8.2,3.33
32,Adam Wainwright\wainwad01,38,STL,NL,5,3,.625,3.15,10,10,0,2,0,0,65.2,54,25,23,9,15,0,54,2,0,0,262,137,4.10,1.051,7.4,1.2,2.1,7.4,3.60
33,Brady Singer\singebr01,23,KCR,AL,4,5,.444,4.06,12,12,0,0,0,0,64.1,52,29,29,8,23,0,61,2,1,5,263,113,4.08,1.166,7.3,1.1,3.2,8.5,2.65
34,Johnny Cueto\cuetojo01,34,SFG,NL,2,3,.400,5.40,12,12,0,0,0,0,63.1,61,41,38,9,26,0,56,3,2,1,277,79,4.64,1.374,8.7,1.3,3.7,8.0,2.15
35,Dallas Keuchel*\keuchda01,32,CHW,AL,6,2,.750,1.99,11,11,0,0,0,0,63.1,52,15,14,2,17,0,42,0,0,0,257,224,3.08,1.089,7.4,0.3,2.4,6.0,2.47
36,Chris Bassitt\bassich01,31,OAK,AL,5,2,.714,2.29,11,11,0,0,0,0,63.0,56,18,16,6,17,0,55,2,0,2,261,181,3.59,1.159,8.0,0.9,2.4,7.9,3.24
37,Jose Berrios\berrijo01,26,MIN,AL,5,4,.556,4.00,12,12,0,0,0,0,63.0,57,28,28,8,26,0,68,3,0,5,271,109,4.06,1.317,8.1,1.1,3.7,9.7,2.62
38,Alec Mills\millsal02,28,CHC,NL,5,5,.500,4.48,11,11,0,1,1,0,62.1,53,31,31,13,19,0,46,2,1,0,252,100,5.44,1.155,7.7,1.9,2.7,6.6,2.42
39,Martin Perez*\perezma02,29,BOS,AL,3,5,.375,4.50,12,12,0,0,0,0,62.0,55,33,31,8,28,0,46,3,0,2,262,104,4.88,1.339,8.0,1.2,4.1,6.7,1.64
40,Jon Lester*\lestejo01,36,CHC,NL,3,3,.500,5.16,12,12,0,0,0,0,61.0,64,35,35,11,17,0,42,3,0,2,265,86,5.14,1.328,9.4,1.6,2.5,6.2,2.47
41,Matthew Boyd*\boydma01,29,DET,AL,3,7,.300,6.71,12,12,0,1,0,0,60.1,67,46,45,15,22,0,60,5,0,5,271,70,5.78,1.475,10.0,2.2,3.3,9.0,2.73
42,Tyler Anderson*\anderty01,30,SFG,NL,4,3,.571,4.37,13,11,0,1,0,0,59.2,58,32,29,5,25,0,41,4,0,1,260,98,4.36,1.391,8.7,0.8,3.8,6.2,1.64
43,Corbin Burnes\burneco01,25,MIL,NL,4,1,.800,2.11,12,9,2,0,0,0,59.2,37,15,14,2,24,0,88,3,0,5,240,216,2.03,1.022,5.6,0.3,3.6,13.3,3.67
44,Kevin Gausman\gausmke01,29,SFG,NL,3,3,.500,3.62,12,10,1,0,0,0,59.2,50,26,24,8,16,0,79,0,1,4,245,118,3.09,1.106,7.5,1.2,2.4,11.9,4.94
45,Zach Eflin\eflinza01,26,PHI,NL,4,2,.667,3.97,11,10,0,1,1,0,59.0,60,28,26,8,15,0,70,1,0,1,245,115,3.39,1.271,9.2,1.2,2.3,10.7,4.67
46,Mike Fiers\fiersmi01,35,OAK,AL,6,3,.667,4.58,11,11,0,0,0,0,59.0,65,31,30,9,16,0,37,4,0,1,257,90,4.94,1.373,9.9,1.4,2.4,5.6,2.31
47,Jesus Luzardo*\luzarje01,22,OAK,AL,3,2,.600,4.12,12,9,1,0,0,0,59.0,58,27,27,9,17,1,59,3,1,3,248,101,4.19,1.271,8.8,1.4,2.6,9.0,3.47
48,Chris Paddack\paddach01,24,SDP,NL,4,5,.444,4.73,12,12,0,0,0,0,59.0,60,33,31,14,12,0,58,2,0,0,245,91,5.02,1.220,9.2,2.1,1.8,8.8,4.83
49,Rick Porcello\porceri01,31,NYM,NL,1,7,.125,5.64,12,12,0,0,0,0,59.0,74,41,37,5,15,0,54,2,0,1,261,75,3.33,1.508,11.3,0.8,2.3,8.2,3.60
50,Dylan Cease\ceasedy01,24,CHW,AL,5,4,.556,4.01,12,12,0,0,0,0,58.1,50,30,26,12,34,1,44,5,0,1,255,111,6.36,1.440,7.7,1.9,5.2,6.8,1.29
51,Clayton Kershaw*\kershcl01,32,LAD,NL,6,2,.750,2.16,10,10,0,0,0,0,58.1,41,18,14,8,8,0,62,1,0,0,221,196,3.31,0.840,6.3,1.2,1.2,9.6,7.75
52,Jordan Lyles\lylesjo01,29,TEX,AL,1,6,.143,7.02,12,9,0,0,0,0,57.2,67,49,45,12,23,0,36,2,1,3,266,65,5.95,1.561,10.5,1.9,3.6,5.6,1.57
53,Tyler Glasnow\glasnty01,26,TBR,AL,5,1,.833,4.08,11,11,0,0,0,0,57.1,43,26,26,11,22,0,91,0,0,7,238,104,3.66,1.134,6.8,1.7,3.5,14.3,4.14
54,Pablo Lopez\lopezpa01,24,MIA,NL,6,4,.600,3.61,11,11,0,0,0,0,57.1,50,27,23,4,18,1,59,2,0,0,240,124,3.09,1.186,7.8,0.6,2.8,9.3,3.28
55,Mike Minor*\minormi01,32,TOT,AL,1,6,.143,5.56,12,11,0,1,1,0,56.2,50,36,35,11,20,0,62,1,0,0,239,79,4.64,1.235,7.9,1.7,3.2,9.8,3.10
56,Spencer Turnbull\turnbsp01,27,DET,AL,4,4,.500,3.97,11,11,0,0,0,0,56.2,47,25,25,2,29,1,51,2,0,0,242,118,3.49,1.341,7.5,0.3,4.6,8.1,1.76
57,Griffin Canning\cannigr01,24,LAA,AL,2,3,.400,3.99,11,11,0,0,0,0,56.1,54,29,25,8,23,0,56,1,0,5,238,113,4.33,1.367,8.6,1.3,3.7,8.9,2.43
58,Danny Duffy*\duffyda01,31,KCR,AL,4,4,.500,4.95,12,11,0,0,0,0,56.1,53,33,31,10,22,0,57,2,0,3,242,93,4.75,1.331,8.5,1.6,3.5,9.1,2.59
59,Max Fried*\friedma01,26,ATL,NL,7,0,1.000,2.25,11,11,0,0,0,0,56.0,42,14,14,2,19,0,50,4,1,1,224,212,3.10,1.089,6.8,0.3,3.1,8.0,2.63
60,Sonny Gray\grayso01,30,CIN,NL,5,3,.625,3.70,11,11,0,0,0,0,56.0,42,26,23,4,26,0,72,2,1,7,235,129,3.05,1.214,6.8,0.6,4.2,11.6,2.77
61,Adrian Houser\housead01,27,MIL,NL,1,6,.143,5.30,12,11,1,0,0,0,56.0,63,41,33,8,21,0,44,4,0,1,246,86,4.82,1.500,10.1,1.3,3.4,7.1,2.10
62,Dustin May\maydu01,22,LAD,NL,3,1,.750,2.57,12,10,0,0,0,0,56.0,45,18,16,9,16,0,44,1,0,2,224,165,4.62,1.089,7.2,1.4,2.6,7.1,2.75
63,Ryan Yarbrough*\yarbrry01,28,TBR,AL,1,4,.200,3.56,11,9,0,0,0,0,55.2,54,22,22,5,12,1,44,7,0,2,234,119,3.80,1.186,8.7,0.8,1.9,7.1,3.67
64,Zach Plesac\plesaza01,25,CLE,AL,4,2,.667,2.28,8,8,0,0,0,0,55.1,38,14,14,8,6,0,57,1,0,0,206,201,3.39,0.795,6.2,1.3,1.0,9.3,9.50
65,Justus Sheffield*\sheffju01,24,SEA,AL,4,3,.571,3.58,10,10,0,0,0,0,55.1,52,23,22,2,20,0,48,3,0,1,232,118,3.17,1.301,8.5,0.3,3.3,7.8,2.40
66,Trevor Williams\willitr01,28,PIT,NL,2,8,.200,6.18,11,11,0,0,0,0,55.1,66,42,38,15,21,0,49,4,0,1,252,72,6.30,1.572,10.7,2.4,3.4,8.0,2.33
67,Lance McCullers Jr.\mcculla02,26,HOU,AL,3,3,.500,3.93,11,11,0,0,0,0,55.0,44,29,24,5,20,0,56,5,0,0,227,115,3.70,1.164,7.2,0.8,3.3,9.2,2.80
68,Julio Urias*\uriasju01,23,LAD,NL,3,0,1.000,3.27,11,10,0,0,0,0,55.0,45,20,20,5,18,0,45,0,0,2,224,130,3.72,1.145,7.4,0.8,2.9,7.4,2.50
69,Brad Keller\kellebr01,24,KCR,AL,5,3,.625,2.47,9,9,0,1,1,0,54.2,39,16,15,2,17,0,35,2,0,1,215,186,3.43,1.024,6.4,0.3,2.8,5.8,2.06
70,Cristian Javier\javiecr01,23,HOU,AL,5,2,.714,3.48,12,10,0,0,0,0,54.1,36,21,21,11,18,0,54,2,2,4,214,129,4.94,0.994,6.0,1.8,3.0,8.9,3.00
71,Logan Webb\webblo01,23,SFG,NL,3,4,.429,5.47,13,11,0,0,0,0,54.1,61,38,33,4,24,1,46,7,0,3,246,78,4.17,1.564,10.1,0.7,4.0,7.6,1.92
72,Sean Manaea*\manaese01,28,OAK,AL,4,3,.571,4.50,11,11,0,0,0,0,54.0,57,32,27,7,8,0,45,1,0,1,222,92,3.71,1.204,9.5,1.2,1.3,7.5,5.63
73,Taijuan Walker\walketa01,27,TOT,AL,4,3,.571,2.70,11,11,0,0,0,0,53.1,43,23,16,8,19,0,50,4,0,1,225,161,4.56,1.163,7.3,1.4,3.2,8.4,2.63
74,Frankie Montas\montafr02,27,OAK,AL,3,5,.375,5.60,11,11,0,0,0,0,53.0,57,35,33,10,23,0,60,1,0,2,237,74,4.74,1.509,9.7,1.7,3.9,10.2,2.61
75,Anibal Sanchez\sanchan01,36,WSN,NL,4,5,.444,6.62,11,11,0,0,0,0,53.0,70,40,39,11,18,2,43,3,2,0,245,69,5.46,1.660,11.9,1.9,3.1,7.3,2.39
76,Alex Cobb\cobbal01,32,BAL,AL,2,5,.286,4.30,10,10,0,0,0,0,52.1,52,27,25,8,18,0,38,2,0,1,226,106,4.87,1.338,8.9,1.4,3.1,6.5,2.11
77,Luke Weaver\weavelu01,26,ARI,NL,1,9,.100,6.58,12,12,0,0,0,0,52.0,63,39,38,10,18,0,55,1,0,0,236,70,4.67,1.558,10.9,1.7,3.1,9.5,3.06
78,Robbie Ray*\rayro02,28,TOT,MLB,2,5,.286,6.62,12,11,0,0,0,0,51.2,53,40,38,13,45,1,68,1,0,6,251,69,6.50,1.897,9.2,2.3,7.8,11.8,1.51
79,Garrett Richards\richaga01,32,SDP,NL,2,2,.500,4.03,14,10,2,0,0,0,51.1,47,23,23,7,17,0,46,2,0,3,213,106,4.28,1.247,8.2,1.2,3.0,8.1,2.71
80,Erick Fedde\feddeer01,27,WSN,NL,2,4,.333,4.29,11,8,1,0,0,0,50.1,47,25,24,10,22,2,28,3,0,2,222,107,6.15,1.371,8.4,1.8,3.9,5.0,1.27
81,Kris Bubic*\bubickr01,22,KCR,AL,1,6,.143,4.32,10,10,0,0,0,0,50.0,52,29,24,8,22,1,49,2,0,0,222,106,4.75,1.480,9.4,1.4,4.0,8.8,2.23
82,Blake Snell*\snellbl01,27,TBR,AL,4,2,.667,3.24,11,11,0,0,0,0,50.0,42,19,18,10,18,0,63,0,0,7,203,131,4.35,1.200,7.6,1.8,3.2,11.3,3.50
83,David Peterson*\peterda01,24,NYM,NL,6,2,.750,3.44,10,9,0,0,0,0,49.2,36,20,19,5,24,0,40,3,0,1,205,123,4.52,1.208,6.5,0.9,4.3,7.2,1.67
84,Austin Voth\vothau01,28,WSN,NL,2,5,.286,6.34,11,11,0,1,0,0,49.2,57,36,35,14,18,2,44,4,0,1,225,73,6.41,1.510,10.3,2.5,3.3,8.0,2.44
85,J.A. Happ*\happja01,37,NYY,AL,2,2,.500,3.47,9,9,0,0,0,0,49.1,37,19,19,8,15,0,42,1,0,0,196,123,4.57,1.054,6.8,1.5,2.7,7.7,2.80
86,Ross Stripling\stripro01,30,TOT,MLB,3,3,.500,5.84,12,9,1,0,0,1,49.1,56,37,32,13,18,0,40,1,0,1,220,74,6.15,1.500,10.2,2.4,3.3,7.3,2.22
87,Nathan Eovaldi\eovalna01,30,BOS,AL,4,2,.667,3.72,9,9,0,0,0,0,48.1,51,20,20,8,7,0,52,4,0,2,199,126,3.87,1.200,9.5,1.5,1.3,9.7,7.43
88,Masahiro Tanaka\tanakma01,31,NYY,AL,3,3,.500,3.56,10,10,0,0,0,0,48.0,48,25,19,9,8,0,44,2,0,0,197,120,4.42,1.167,9.0,1.7,1.5,8.3,5.50
89,Tyler Mahle\mahlety01,25,CIN,NL,2,2,.500,3.59,10,9,0,0,0,0,47.2,34,21,19,6,21,0,60,4,1,2,201,133,3.88,1.154,6.4,1.1,4.0,11.3,2.86
90,Tanner Roark\roarkta01,33,TOR,AL,2,3,.400,6.80,11,11,0,0,0,0,47.2,60,39,36,14,23,0,41,2,0,2,220,65,6.86,1.741,11.3,2.6,4.3,7.7,1.78
91,JT Brubaker\brubajt01,26,PIT,NL,1,3,.250,4.94,11,9,0,0,0,0,47.1,48,27,26,6,17,0,48,3,0,4,205,90,4.08,1.373,9.1,1.1,3.2,9.1,2.82
92,Brett Anderson*\anderbr04,32,MIL,NL,4,4,.500,4.21,10,10,0,0,0,0,47.0,50,24,22,6,10,0,32,4,0,0,202,108,4.38,1.277,9.6,1.1,1.9,6.1,3.20
93,Yusei Kikuchi*\kikucyu01,29,SEA,AL,2,4,.333,5.17,9,9,0,0,0,0,47.0,41,27,27,3,20,0,47,0,0,3,194,82,3.30,1.298,7.9,0.6,3.8,9.0,2.35
94,Randy Dobnak\dobnara01,25,MIN,AL,6,4,.600,4.05,10,10,0,0,0,0,46.2,50,21,21,3,13,0,27,4,0,0,200,108,3.96,1.350,9.6,0.6,2.5,5.2,2.08
95,Tony Gonsolin\gonsoto01,26,LAD,NL,2,2,.500,2.31,9,8,1,0,0,0,46.2,32,13,12,2,7,0,46,1,0,3,176,183,2.29,0.836,6.2,0.4,1.4,8.9,6.57
96,Chad Kuhl\kuhlch01,27,PIT,NL,2,3,.400,4.27,11,9,0,0,0,0,46.1,35,26,22,8,28,0,44,2,0,1,197,105,5.48,1.360,6.8,1.6,5.4,8.5,1.57
97,Alex Young*\youngal01,26,ARI,NL,2,4,.333,5.44,15,7,0,0,0,0,46.1,51,30,28,11,14,0,39,1,0,1,204,85,5.57,1.403,9.9,2.1,2.7,7.6,2.79
98,Justin Dunn\dunnju01,24,SEA,AL,4,1,.800,4.34,10,10,0,0,0,0,45.2,31,23,22,10,31,1,38,2,0,0,198,98,6.54,1.358,6.1,2.0,6.1,7.5,1.23
99,Josh Lindblom\lindbjo01,33,MIL,NL,2,4,.333,5.16,12,10,1,0,0,0,45.1,42,26,26,6,16,0,52,3,0,2,191,88,3.87,1.279,8.3,1.2,3.2,10.3,3.25
100,Jake Arrieta\arrieja01,34,PHI,NL,4,4,.500,5.08,9,9,0,0,0,0,44.1,51,25,25,6,16,0,32,1,0,4,190,90,4.66,1.511,10.4,1.2,3.2,6.5,2.00
101,Jordan Montgomery*\montgjo01,27,NYY,AL,2,3,.400,5.11,10,10,0,0,0,0,44.0,48,27,25,7,9,0,47,2,0,3,193,84,3.87,1.295,9.8,1.4,1.8,9.6,5.22
102,John Means*\meansjo01,27,BAL,AL,2,4,.333,4.53,10,10,0,0,0,0,43.2,36,22,22,12,7,0,42,4,0,2,176,100,5.60,0.985,7.4,2.5,1.4,8.7,6.00
103,Ryan Castellani\castery01,24,COL,NL,1,4,.200,5.82,10,9,0,0,0,0,43.1,37,30,28,12,26,0,25,5,0,1,189,91,7.78,1.454,7.7,2.5,5.4,5.2,0.96
104,Taylor Clarke\clarkta01,27,ARI,NL,3,0,1.000,4.36,12,5,2,0,0,0,43.1,35,23,21,8,21,2,40,0,0,0,183,106,5.20,1.292,7.3,1.7,4.4,8.3,1.90
105,Ryan Weber\weberry01,29,BOS,AL,1,3,.250,4.40,17,5,3,0,0,0,43.0,44,23,21,8,14,0,27,3,0,1,185,107,5.54,1.349,9.2,1.7,2.9,5.7,1.93
106,Steven Brault*\braulst01,28,PIT,NL,1,3,.250,3.38,11,10,0,1,0,0,42.2,29,17,16,2,22,0,38,5,0,3,178,133,3.92,1.195,6.1,0.4,4.6,8.0,1.73
107,Sandy Alcantara\alcansa01,24,MIA,NL,3,2,.600,3.00,7,7,0,0,0,0,42.0,35,22,14,4,15,0,39,1,1,1,172,149,3.71,1.190,7.5,0.9,3.2,8.4,2.60
108,Madison Bumgarner*\bumgama01,30,ARI,NL,1,4,.200,6.48,9,9,0,0,0,0,41.2,47,31,30,13,13,2,30,6,0,0,190,71,7.18,1.440,10.2,2.8,2.8,6.5,2.31
109,Mike Clevinger\clevimi01,29,TOT,MLB,3,2,.600,3.02,8,8,0,1,1,0,41.2,34,14,14,6,14,0,40,0,0,2,162,149,4.15,1.152,7.3,1.3,3.0,8.6,2.86
110,Nick Margevicius*\margeni01,24,SEA,AL,2,3,.400,4.57,10,7,1,0,0,0,41.1,38,21,21,6,14,2,36,0,0,2,170,93,4.35,1.258,8.3,1.3,3.0,7.8,2.57
111,Derek Holland*\hollade01,33,PIT,NL,1,3,.250,6.86,12,5,3,0,0,0,40.2,42,33,31,12,15,0,45,3,1,2,179,65,6.14,1.402,9.3,2.7,3.3,10.0,3.00
112,Jack Flaherty\flaheja01,24,STL,NL,4,3,.571,4.91,9,9,0,0,0,0,40.1,33,22,22,6,16,0,49,3,0,1,170,88,4.11,1.215,7.4,1.3,3.6,10.9,3.06
113,Joe Musgrove\musgrjo01,27,PIT,NL,1,5,.167,3.86,8,8,0,0,0,0,39.2,33,17,17,5,16,0,55,2,0,1,166,116,3.42,1.235,7.5,1.1,3.6,12.5,3.44
114,Josh Tomlin\tomlijo01,35,ATL,NL,2,2,.500,4.76,17,5,2,0,0,0,39.2,40,22,21,6,8,2,36,1,0,1,163,101,4.02,1.210,9.1,1.4,1.8,8.2,4.50
115,Jon Gray\grayjo02,28,COL,NL,2,4,.333,6.69,8,8,0,0,0,0,39.0,45,31,29,6,11,0,22,2,1,2,174,79,5.06,1.436,10.4,1.4,2.5,5.1,2.00
116,Dakota Hudson\hudsoda02,25,STL,NL,3,2,.600,2.77,8,8,0,0,0,0,39.0,24,13,12,5,15,1,31,1,0,0,151,157,4.50,1.000,5.5,1.2,3.5,7.2,2.07
117,Kwang Hyun Kim*\kimkw01,31,STL,NL,3,0,1.000,1.62,8,7,1,0,0,1,39.0,28,9,7,3,12,2,24,0,0,1,154,269,3.88,1.026,6.5,0.7,2.8,5.5,2.00
118,Jorge Lopez\lopezjo02,27,TOT,AL,2,2,.500,6.69,10,6,1,0,0,0,39.0,46,32,29,7,12,1,28,3,0,4,174,69,5.24,1.487,10.6,1.6,2.8,6.5,2.33
119,Tommy Milone*\milonto01,33,TOT,MLB,1,4,.200,6.69,9,9,0,0,0,0,39.0,55,34,29,9,6,0,40,2,0,1,181,69,4.76,1.564,12.7,2.1,1.4,9.2,6.67
120,Sixto Sanchez\sanchsi01,21,MIA,NL,3,2,.600,3.46,7,7,0,1,0,0,39.0,36,15,15,3,11,1,33,2,0,1,158,129,3.50,1.205,8.3,0.7,2.5,7.6,3.00
121,Rich Hill*\hillri01,40,MIN,AL,2,2,.500,3.03,8,8,0,0,0,0,38.2,28,13,13,3,17,0,31,1,0,1,156,145,3.99,1.164,6.5,0.7,4.0,7.2,1.82
122,Charlie Morton\mortoch02,36,TBR,AL,2,2,.500,4.74,9,9,0,0,0,0,38.0,43,21,20,4,10,0,42,4,0,1,170,90,3.45,1.395,10.2,0.9,2.4,9.9,4.20
123,Kyle Wright\wrighky01,24,ATL,NL,2,4,.333,5.21,8,8,0,0,0,0,38.0,35,23,22,7,24,1,30,0,0,1,168,92,5.90,1.553,8.3,1.7,5.7,7.1,1.25
124,Asher Wojciechowski\wojcias01,31,BAL,AL,1,3,.250,6.81,10,7,2,0,0,0,37.0,45,29,28,11,15,0,31,1,0,0,168,67,6.68,1.622,10.9,2.7,3.6,7.5,2.07
125,Walker Buehler\buehlwa01,25,LAD,NL,1,0,1.000,3.44,8,8,0,0,0,0,36.2,24,18,14,7,11,0,42,1,0,4,147,124,4.36,0.955,5.9,1.7,2.7,10.3,3.82
126,Seth Lugo\lugose01,30,NYM,NL,3,4,.429,5.15,16,7,6,0,0,3,36.2,40,22,21,8,10,1,47,2,0,1,160,83,4.45,1.364,9.8,2.0,2.5,11.5,4.70
127,Patrick Sandoval*\sandopa02,23,LAA,AL,1,5,.167,5.65,9,6,0,0,0,0,36.2,37,26,23,10,12,0,33,0,0,2,159,80,5.92,1.336,9.1,2.5,2.9,8.1,2.75
128,Tyler Alexander*\alexaty01,25,DET,AL,2,3,.400,3.96,14,2,0,0,0,0,36.1,39,16,16,8,9,0,34,4,0,0,152,118,5.26,1.321,9.7,2.0,2.2,8.4,3.78
129,Tejay Antone\antonte01,26,CIN,NL,0,3,.000,2.80,13,4,1,0,0,0,35.1,20,11,11,4,16,0,45,2,0,2,141,171,3.64,1.019,5.1,1.0,4.1,11.5,2.81
130,Thomas Eshelman\eshelto01,26,BAL,AL,3,1,.750,3.89,12,4,3,0,0,0,34.2,34,17,15,7,9,0,16,1,0,1,143,117,5.76,1.240,8.8,1.8,2.3,4.2,1.78
131,Deivi Garcia\garcide01,21,NYY,AL,3,2,.600,4.98,6,6,0,0,0,0,34.1,35,20,19,6,6,0,33,1,0,0,146,86,4.15,1.194,9.2,1.6,1.6,8.7,5.50
132,Dane Dunning\dunnida01,25,CHW,AL,2,0,1.000,3.97,7,7,0,0,0,0,34.0,25,17,15,4,13,0,35,2,0,5,142,113,3.99,1.118,6.6,1.1,3.4,9.3,2.69
133,Vince Velasquez\velasvi01,28,PHI,NL,1,1,.500,5.56,9,7,0,0,0,0,34.0,36,21,21,5,17,1,46,3,0,0,154,82,4.16,1.559,9.5,1.3,4.5,12.2,2.71
134,Michael Wacha\wachami01,28,NYM,NL,1,4,.200,6.62,8,7,0,0,0,0,34.0,46,26,25,9,7,0,37,2,0,2,156,64,5.25,1.559,12.2,2.4,1.9,9.8,5.29
135,Kolby Allard*\allarko01,22,TEX,AL,0,6,.000,7.75,11,8,2,0,0,0,33.2,31,29,29,4,20,0,32,1,0,1,152,59,4.71,1.515,8.3,1.1,5.3,8.6,1.60
136,Chase Anderson\anderch01,32,TOR,AL,1,2,.333,7.22,10,7,0,0,0,0,33.2,45,29,27,11,10,0,38,1,0,1,154,61,6.16,1.634,12.0,2.9,2.7,10.2,3.80
137,Anthony DeSclafani\desclan01,30,CIN,NL,1,2,.333,7.22,9,7,1,0,0,0,33.2,41,27,27,7,16,0,25,3,0,1,158,66,6.10,1.693,11.0,1.9,4.3,6.7,1.56
138,Michael Lorenzen\lorenmi01,28,CIN,NL,3,1,.750,4.28,18,2,2,0,0,0,33.2,30,17,16,3,17,1,35,1,1,2,147,112,3.87,1.396,8.0,0.8,4.5,9.4,2.06
139,Triston McKenzie\mckentr01,22,CLE,AL,2,1,.667,3.24,8,6,0,0,0,0,33.1,21,12,12,6,9,0,42,1,0,0,127,142,3.91,0.900,5.7,1.6,2.4,11.3,4.67
140,Daniel Ponce de Leon\ponceda01,28,STL,NL,1,3,.250,4.96,9,8,1,0,0,0,32.2,23,18,18,8,20,0,45,2,0,0,143,88,5.64,1.316,6.3,2.2,5.5,12.4,2.25
141,Ian Anderson\anderia01,22,ATL,NL,3,2,.600,1.95,6,6,0,0,0,0,32.1,21,11,7,1,14,0,41,2,0,4,138,246,2.54,1.082,5.8,0.3,3.9,11.4,2.93
142,Jaime Barria\barrija01,23,LAA,AL,1,0,1.000,3.62,7,5,2,0,0,0,32.1,27,13,13,3,9,1,27,1,0,0,132,125,3.65,1.113,7.5,0.8,2.5,7.5,3.00
143,Josh Fleming*\flemijo01,24,TBR,AL,5,0,1.000,2.78,7,5,0,0,0,0,32.1,28,10,10,5,7,0,25,1,0,0,130,153,4.40,1.082,7.8,1.4,1.9,7.0,3.57
144,Matt Andriese\andrima01,30,LAA,AL,2,4,.333,4.50,16,1,3,0,0,2,32.0,21,17,16,5,11,0,33,1,0,0,126,100,4.28,1.000,5.9,1.4,3.1,9.3,3.00
145,Brandon Bielak\bielabr01,24,HOU,AL,3,3,.500,6.75,12,6,3,0,0,0,32.0,39,26,24,9,17,0,26,2,0,0,148,67,7.00,1.750,11.0,2.5,4.8,7.3,1.53
146,Cal Quantrill\quantca01,25,TOT,MLB,2,0,1.000,2.25,18,3,2,0,0,1,32.0,31,12,8,4,8,1,31,3,0,0,135,200,3.91,1.219,8.7,1.1,2.3,8.7,3.88
147,Trevor Richards\richatr01,27,TBR,AL,0,0,,5.91,9,4,1,0,0,0,32.0,44,24,21,6,11,0,27,0,0,1,150,72,4.97,1.719,12.4,1.7,3.1,7.6,2.45
148,Tarik Skubal*\skubata01,23,DET,AL,1,4,.200,5.63,8,7,0,0,0,0,32.0,28,21,20,9,11,0,37,2,0,0,134,83,5.75,1.219,7.9,2.5,3.1,10.4,3.36
149,Gio Gonzalez*\gonzagi01,34,CHW,AL,1,2,.333,4.83,12,4,1,0,0,0,31.2,40,19,17,6,19,0,34,2,0,2,153,93,5.50,1.863,11.4,1.7,5.4,9.7,1.79
150,Brent Suter*\suterbr01,30,MIL,NL,2,0,1.000,3.13,16,4,1,0,0,0,31.2,30,13,11,4,5,0,38,1,0,0,129,146,3.00,1.105,8.5,1.1,1.4,10.8,7.60
151,Merrill Kelly\kellyme01,31,ARI,NL,3,2,.600,2.59,5,5,0,0,0,0,31.1,26,9,9,5,5,1,29,1,0,0,125,179,3.99,0.989,7.5,1.4,1.4,8.3,5.80
152,Julio Teheran\teherju01,29,LAA,AL,0,4,.000,10.05,10,9,0,0,0,0,31.1,39,35,35,12,16,0,20,2,0,1,149,45,8.62,1.755,11.2,3.4,4.6,5.7,1.25
153,Jonathan Hernandez\hernajo02,23,TEX,AL,5,1,.833,2.90,27,0,5,0,0,0,31.0,24,10,10,2,8,0,31,4,0,0,125,157,3.19,1.032,7.0,0.6,2.3,9.0,3.88
154,Steven Matz*\matzst01,29,NYM,NL,0,5,.000,9.68,9,6,1,0,0,0,30.2,42,33,33,14,10,0,36,0,0,2,142,44,7.76,1.696,12.3,4.1,2.9,10.6,3.60
155,Phillips Valdez\valdeph01,28,BOS,AL,1,1,.500,3.26,24,0,5,0,0,0,30.1,33,16,11,3,16,0,30,3,0,0,137,144,4.38,1.615,9.8,0.9,4.7,8.9,1.88
156,Scott Barlow\barlosc01,27,KCR,AL,2,1,.667,4.20,32,0,7,0,0,2,30.0,27,14,14,4,9,2,39,2,0,2,125,110,3.42,1.200,8.1,1.2,2.7,11.7,4.33
157,Mike Mayers\mayermi01,28,LAA,AL,2,0,1.000,2.10,29,0,4,0,0,2,30.0,18,10,7,2,9,0,43,1,0,0,121,215,2.19,0.900,5.4,0.6,2.7,12.9,4.78
158,Chris Mazza\mazzach01,30,BOS,AL,1,2,.333,4.80,9,6,0,0,0,0,30.0,34,18,16,3,15,0,29,2,0,4,136,98,4.26,1.633,10.2,0.9,4.5,8.7,1.93
159,Chris Stratton\stratch01,29,PIT,NL,2,1,.667,3.90,27,0,3,0,0,0,30.0,26,19,13,3,13,0,39,0,0,1,131,115,3.19,1.300,7.8,0.9,3.9,11.7,3.00
160,Daniel Castano*\castada01,25,MIA,NL,1,2,.333,3.03,7,6,0,0,0,0,29.2,30,12,10,3,11,0,12,0,0,1,126,148,4.81,1.382,9.1,0.9,3.3,3.6,1.09
161,Jose Cisnero\cisnejo01,31,DET,AL,3,3,.500,3.03,29,0,2,0,0,0,29.2,23,10,10,1,10,0,34,3,0,0,123,155,2.65,1.112,7.0,0.3,3.0,10.3,3.40
162,Jose Urquidy\urquijo01,25,HOU,AL,1,1,.500,2.73,5,5,0,0,0,0,29.2,22,9,9,4,8,0,17,1,0,0,116,166,4.71,1.011,6.7,1.2,2.4,5.2,2.13
163,Freddy Peralta\peralfr01,24,MIL,NL,3,1,.750,3.99,15,1,2,0,0,0,29.1,22,14,13,2,12,0,47,3,1,2,125,115,2.41,1.159,6.8,0.6,3.7,14.4,3.92
164,Austin Gomber*\gombeau01,26,STL,NL,1,1,.500,1.86,14,4,2,0,0,0,29.0,19,6,6,1,15,0,27,2,0,1,119,234,3.54,1.172,5.9,0.3,4.7,8.4,1.80
165,Tyler Matzek*\matzety01,29,ATL,NL,4,3,.571,2.79,21,0,3,0,0,0,29.0,23,9,9,1,10,0,43,2,0,1,121,172,1.92,1.138,7.1,0.3,3.1,13.3,4.30
166,Matt Foster\fostema01,25,CHW,AL,6,1,.857,2.20,23,2,4,0,0,0,28.2,16,8,7,2,9,0,31,0,0,0,109,204,2.88,0.872,5.0,0.6,2.8,9.7,3.44
167,Zack Godley\godleza01,30,BOS,AL,0,4,.000,8.16,8,7,0,0,0,0,28.2,42,26,26,9,14,0,28,3,0,3,143,58,7.10,1.953,13.2,2.8,4.4,8.8,2.00
168,Matt Shoemaker\shoemma01,33,TOR,AL,0,1,.000,4.71,6,6,0,0,0,0,28.2,22,16,15,8,9,0,26,0,0,0,115,94,5.95,1.081,6.9,2.5,2.8,8.2,2.89
169,Greg Holland\hollagr01,34,KCR,AL,3,0,1.000,1.91,28,0,9,0,0,6,28.1,20,8,6,1,7,1,31,3,0,1,112,242,2.52,0.953,6.4,0.3,2.2,9.8,4.43
170,Casey Mize\mizeca01,23,DET,AL,0,3,.000,6.99,7,7,0,0,0,0,28.1,29,25,22,7,13,0,26,5,0,2,133,67,6.47,1.482,9.2,2.2,4.1,8.3,2.00
171,Trevor Rogers*\rogertr01,22,MIA,NL,1,2,.333,6.11,7,7,0,0,0,0,28.0,32,20,19,5,13,0,39,2,1,0,130,74,4.33,1.607,10.3,1.6,4.2,12.5,3.00
172,Tyler Rogers\rogerty01,29,SFG,NL,3,3,.500,4.50,29,0,6,0,0,3,28.0,31,16,14,2,6,0,27,4,0,0,123,96,3.26,1.321,10.0,0.6,1.9,8.7,4.50
173,Yency Almonte\almonye01,26,COL,NL,3,0,1.000,2.93,24,0,4,0,0,1,27.2,25,13,9,2,6,0,23,3,0,0,113,181,3.44,1.120,8.1,0.7,2.0,7.5,3.83
174,Michael Fulmer\fulmemi01,27,DET,AL,0,2,.000,8.78,10,10,0,0,0,0,27.2,45,27,27,8,12,0,20,1,0,0,136,54,6.91,2.060,14.6,2.6,3.9,6.5,1.67
175,Shane Greene\greensh02,31,ATL,NL,1,0,1.000,2.60,28,0,6,0,0,0,27.2,22,9,8,2,9,1,21,2,0,0,109,185,3.81,1.120,7.2,0.7,2.9,6.8,2.33
176,Daniel Norris*\norrida01,27,DET,AL,3,1,.750,3.25,14,1,1,0,0,0,27.2,25,10,10,2,7,0,28,0,0,0,116,145,2.87,1.157,8.1,0.7,2.3,9.1,4.00
177,Adam Plutko\plutkad01,28,CLE,AL,2,2,.500,4.88,10,4,5,0,0,1,27.2,30,15,15,5,7,0,15,1,0,0,116,95,5.32,1.337,9.8,1.6,2.3,4.9,2.14
178,Grant Dayton*\daytogr01,32,ATL,NL,2,1,.667,2.30,18,0,5,0,0,0,27.1,22,9,7,4,11,1,32,1,0,0,117,209,4.07,1.207,7.2,1.3,3.6,10.5,2.91
179,Wandy Peralta*\peralwa01,28,SFG,NL,1,1,.500,3.29,25,0,9,0,0,0,27.1,22,13,10,3,11,0,25,2,1,0,114,131,4.22,1.207,7.2,1.0,3.6,8.2,2.27
180,James Karinchak\karinja01,24,CLE,AL,1,2,.333,2.67,27,0,4,0,0,1,27.0,14,9,8,1,16,1,53,0,0,5,109,173,1.52,1.111,4.7,0.3,5.3,17.7,3.31
181,Devin Williams\willide03,25,MIL,NL,4,1,.800,0.33,22,0,1,0,0,0,27.0,8,4,1,1,9,0,53,1,0,3,100,1375,0.86,0.630,2.7,0.3,3.0,17.7,5.89
182,Jimmy Cordero\cordeji01,28,CHW,AL,1,2,.333,6.08,30,0,4,0,0,0,26.2,33,21,18,2,9,2,22,3,0,3,124,74,3.87,1.575,11.1,0.7,3.0,7.4,2.44
183,Robbie Erlin*\erlinro01,29,TOT,NL,0,0,,8.10,9,5,1,0,0,0,26.2,33,24,24,8,7,1,25,2,0,1,122,60,6.23,1.500,11.1,2.7,2.4,8.4,3.57
184,Pete Fairbanks\fairbpe01,26,TBR,AL,6,3,.667,2.70,27,2,2,0,0,0,26.2,23,9,8,2,14,0,39,2,0,6,117,158,3.04,1.388,7.8,0.7,4.7,13.2,2.79
185,Jeurys Familia\familje01,30,NYM,NL,2,0,1.000,3.71,25,0,4,0,0,0,26.2,20,11,11,2,19,2,23,3,0,1,120,115,4.92,1.463,6.8,0.7,6.4,7.8,1.21
186,Michael King\kingmi01,25,NYY,AL,1,2,.333,7.76,9,4,1,0,0,0,26.2,30,23,23,5,11,0,26,2,0,0,121,55,5.14,1.538,10.1,1.7,3.7,8.8,2.36
187,Felix Pena\penafe01,30,LAA,AL,3,0,1.000,4.05,25,0,5,0,0,2,26.2,27,12,12,2,8,0,29,1,0,3,115,112,3.00,1.313,9.1,0.7,2.7,9.8,3.63
188,Michael Pineda\pinedmi01,31,MIN,AL,2,0,1.000,3.38,5,5,0,0,0,0,26.2,25,10,10,0,7,0,25,1,0,0,111,130,2.22,1.200,8.4,0.0,2.4,8.4,3.57
189,Ty Buttrey\buttrty01,27,LAA,AL,2,3,.400,5.81,27,0,14,0,0,5,26.1,28,18,17,4,9,3,18,1,0,2,112,78,4.94,1.405,9.6,1.4,3.1,6.2,2.00
190,Tom Hatch\hatchto01,25,TOR,AL,3,1,.750,2.73,17,1,1,0,0,0,26.1,18,11,8,2,13,0,23,2,0,0,109,162,4.14,1.177,6.2,0.7,4.4,7.9,1.77
191,Luke Jackson\jackslu01,28,ATL,NL,2,0,1.000,6.84,19,0,3,0,0,0,26.1,39,23,20,2,13,0,20,2,0,3,132,70,4.37,1.975,13.3,0.7,4.4,6.8,1.54
192,Reynaldo Lopez\lopezre01,26,CHW,AL,1,3,.250,6.49,8,8,0,0,0,0,26.1,28,21,19,9,15,0,24,1,0,1,121,69,7.63,1.633,9.6,3.1,5.1,8.2,1.60
193,Josh A. Smith\smithjo07,32,MIA,NL,1,1,.500,6.84,16,1,2,0,0,1,26.1,33,21,20,3,11,2,18,1,0,0,121,66,4.67,1.671,11.3,1.0,3.8,6.2,1.64
194,Drew Smyly*\smylydr01,31,SFG,NL,0,1,.000,3.42,7,5,0,0,0,0,26.1,20,11,10,2,9,0,42,0,0,1,111,126,2.01,1.101,6.8,0.7,3.1,14.4,4.67
195,Ryan Thompson\thompry02,28,TBR,AL,1,2,.333,4.44,25,1,3,0,0,1,26.1,29,15,13,4,8,0,23,0,1,0,114,96,4.33,1.405,9.9,1.4,2.7,7.9,2.88
196,Tyler Clippard\clippty01,35,MIN,AL,2,1,.667,2.77,26,2,1,0,0,0,26.0,19,9,8,2,4,0,26,0,0,2,98,159,2.65,0.885,6.6,0.7,1.4,9.0,6.50
197,Stefan Crichton\crichst01,28,ARI,NL,2,2,.500,2.42,26,0,8,0,0,5,26.0,22,7,7,1,9,4,23,4,0,2,109,191,3.42,1.192,7.6,0.3,3.1,8.0,2.56
198,Aaron Slegers\slegeaa01,27,TBR,AL,0,0,,3.46,11,1,3,0,0,2,26.0,18,10,10,1,5,2,19,2,0,0,101,123,3.04,0.885,6.2,0.3,1.7,6.6,3.80
199,Keegan Akin*\akinke01,25,BAL,AL,1,2,.333,4.56,8,6,0,0,0,0,25.2,27,17,13,3,10,0,35,1,1,0,116,100,3.27,1.442,9.5,1.1,3.5,12.3,3.50
200,Anthony Bass\bassan01,32,TOR,AL,2,3,.400,3.51,26,0,14,0,0,7,25.2,17,13,10,2,9,2,21,0,0,0,100,127,3.62,1.013,6.0,0.7,3.2,7.4,2.33
201,Colten Brewer\breweco01,27,BOS,AL,0,3,.000,5.61,11,4,1,0,0,0,25.2,31,17,16,6,14,0,25,1,0,1,122,84,6.04,1.753,10.9,2.1,4.9,8.8,1.79
202,Edwin Diaz\diazed04,26,NYM,NL,2,1,.667,1.75,26,0,19,0,0,6,25.2,18,6,5,2,14,0,50,2,0,1,110,244,2.18,1.247,6.3,0.7,4.9,17.5,3.57
203,Chad Green\greench03,29,NYY,AL,3,3,.500,3.51,22,0,5,0,0,1,25.2,13,13,10,5,8,2,32,0,0,3,100,123,4.17,0.818,4.6,1.8,2.8,11.2,4.00
204,Elieser Hernandez\hernael01,25,MIA,NL,1,0,1.000,3.16,6,6,0,0,0,0,25.2,21,10,9,5,5,0,34,2,0,0,106,142,3.89,1.013,7.4,1.8,1.8,11.9,6.80
205,Travis Lakins\lakintr01,26,BAL,AL,3,2,.600,2.81,22,0,5,0,0,1,25.2,25,11,8,2,13,0,25,2,0,3,116,163,4.01,1.481,8.8,0.7,4.6,8.8,1.92
206,Lucas Sims\simslu01,26,CIN,NL,3,0,1.000,2.45,20,0,5,0,0,0,25.2,13,10,7,3,11,0,34,3,0,0,103,196,3.70,0.935,4.6,1.1,3.9,11.9,3.09
207,Josh Staumont\staumjo01,26,KCR,AL,2,1,.667,2.45,26,0,3,0,0,0,25.2,20,8,7,2,16,0,37,3,0,1,112,188,3.54,1.403,7.0,0.7,5.6,13.0,2.31
208,Blake Treinen\treinbl01,32,LAD,NL,3,3,.500,3.86,27,0,3,0,0,1,25.2,23,15,11,1,8,1,22,2,0,2,107,111,3.15,1.208,8.1,0.4,2.8,7.7,2.75
209,Shun Yamaguchi\yamagsh01,32,TOR,AL,2,4,.333,8.06,17,0,7,0,0,0,25.2,28,25,23,6,17,0,26,2,1,2,120,55,6.42,1.753,9.8,2.1,6.0,9.1,1.53
210,Liam Hendriks\hendrli01,31,OAK,AL,3,1,.750,1.78,24,0,20,0,0,14,25.1,14,6,5,1,3,1,37,0,0,0,92,235,1.14,0.671,5.0,0.4,1.1,13.1,12.33
211,Jakob Junis\junisja01,27,KCR,AL,0,2,.000,6.39,8,6,0,0,0,0,25.1,35,18,18,7,6,1,19,2,1,2,114,72,6.23,1.618,12.4,2.5,2.1,6.8,3.17
212,Matt Wisler\wislema01,27,MIN,AL,0,1,.000,1.07,18,4,3,0,0,1,25.1,15,3,3,2,14,0,35,2,1,1,107,413,3.35,1.145,5.3,0.7,5.0,12.4,2.50
213,Ryan Brasier\brasiry01,32,BOS,AL,1,0,1.000,3.96,25,1,1,0,0,0,25.0,24,12,11,2,11,1,30,0,2,1,110,119,3.15,1.400,8.6,0.7,4.0,10.8,2.73
214,Trevor Cahill\cahiltr01,32,SFG,NL,1,2,.333,3.24,11,6,2,0,0,0,25.0,16,10,9,3,14,0,31,2,0,1,106,133,4.19,1.200,5.8,1.1,5.0,11.2,2.21
215,John Curtiss\curtijo02,27,TBR,AL,3,0,1.000,1.80,17,3,7,0,0,2,25.0,21,7,5,3,3,0,25,2,0,0,99,237,3.35,0.960,7.6,1.1,1.1,9.0,8.33
216,Aaron Loup*\loupaa01,32,TBR,AL,3,2,.600,2.52,24,0,6,0,0,0,25.0,17,9,7,3,4,0,22,3,0,0,96,169,3.83,0.840,6.1,1.1,1.4,7.9,5.50
217,Chasen Shreve*\shrevch01,29,NYM,NL,1,0,1.000,3.96,17,0,1,0,0,0,25.0,17,12,11,4,12,0,34,0,0,0,102,108,3.99,1.160,6.1,1.4,4.3,12.2,2.83
218,J.B. Wendelken\wendejb01,27,OAK,AL,1,1,.500,1.80,21,0,6,0,0,0,25.0,17,8,5,2,11,0,31,0,0,2,106,232,3.07,1.120,6.1,0.7,4.0,11.2,2.82
219,Daniel Bard\bardda01,35,COL,NL,4,2,.667,3.65,23,0,10,0,0,6,24.2,22,10,10,2,10,2,27,3,0,1,106,145,3.64,1.297,8.0,0.7,3.6,9.9,2.70
220,Miguel Castro\castrmi01,25,TOT,MLB,2,2,.500,4.01,26,0,5,0,0,1,24.2,28,12,11,4,13,0,38,1,0,0,115,113,3.92,1.662,10.2,1.5,4.7,13.9,2.92
221,Kyle Finnegan\finneky01,28,WSN,NL,1,0,1.000,2.92,25,0,4,0,0,0,24.2,21,10,8,2,13,4,27,1,0,2,107,159,3.76,1.378,7.7,0.7,4.7,9.9,2.08
222,Tommy Hunter\hunteto02,33,PHI,NL,0,1,.000,4.01,24,0,1,0,0,1,24.2,22,11,11,2,6,0,25,3,0,0,102,114,3.31,1.135,8.0,0.7,2.2,9.1,4.17
223,Johan Oviedo\oviedjo01,22,STL,NL,0,3,.000,5.47,5,5,0,0,0,0,24.2,24,18,15,3,10,0,16,5,0,4,112,80,5.30,1.378,8.8,1.1,3.6,5.8,1.60
224,Dylan Floro\florody01,29,LAD,NL,3,0,1.000,2.59,25,0,4,0,0,0,24.1,23,7,7,1,4,1,19,0,0,1,98,165,2.66,1.110,8.5,0.4,1.5,7.0,4.75
225,Spencer Howard\howarsp01,23,PHI,NL,1,2,.333,5.92,6,6,0,0,0,0,24.1,30,17,16,6,10,0,23,1,0,0,113,78,5.86,1.644,11.1,2.2,3.7,8.5,2.30
226,Kenley Jansen\janseke01,32,LAD,NL,3,1,.750,3.33,27,0,24,0,0,11,24.1,19,11,9,2,9,0,33,3,0,0,102,128,3.03,1.151,7.0,0.7,3.3,12.2,3.67
227,Brandon Kintzler\kintzbr01,35,MIA,NL,2,3,.400,2.22,24,0,21,0,0,12,24.1,21,7,6,3,11,3,14,0,0,0,101,203,5.00,1.315,7.8,1.1,4.1,5.2,1.27
228,Touki Toussaint\toussto01,24,ATL,NL,0,2,.000,8.88,7,5,0,0,0,0,24.1,27,28,24,7,16,0,30,5,0,2,120,54,7.05,1.767,10.0,2.6,5.9,11.1,1.88
229,Jorge Alcala\alcaljo01,24,MIN,AL,2,1,.667,2.63,16,0,8,0,0,0,24.0,21,8,7,3,8,0,27,0,0,1,94,168,3.57,1.208,7.9,1.1,3.0,10.1,3.38
230,Rafael Dolis\dolisra01,32,TOR,AL,2,2,.500,1.50,24,0,9,0,0,5,24.0,16,9,4,1,14,0,31,1,0,3,100,296,3.02,1.250,6.0,0.4,5.3,11.6,2.21
231,Tyler Duffey\duffety01,29,MIN,AL,1,1,.500,1.88,22,0,1,0,0,0,24.0,13,6,5,2,6,0,31,1,0,0,92,235,2.57,0.792,4.9,0.8,2.3,11.6,5.17
232,Carlos Estevez\estevca01,27,COL,NL,1,3,.250,7.50,26,0,6,0,0,1,24.0,33,21,20,6,9,0,27,3,0,2,116,71,5.69,1.750,12.4,2.3,3.4,10.1,3.00
233,Craig Stammen\stammcr01,36,SDP,NL,4,2,.667,5.63,24,0,6,0,0,0,24.0,27,16,15,2,4,0,20,2,0,0,105,77,3.36,1.292,10.1,0.8,1.5,7.5,5.00
234,Junior Guerra\guerrju02,35,ARI,NL,1,2,.333,3.04,25,0,5,0,0,0,23.2,17,10,8,1,15,2,21,2,0,2,103,152,4.12,1.352,6.5,0.4,5.7,8.0,1.40
235,Ryne Harper\harpery01,31,WSN,NL,1,0,1.000,7.61,23,0,12,0,0,0,23.2,29,21,20,5,9,2,25,1,0,2,110,61,5.09,1.606,11.0,1.9,3.4,9.5,2.78
236,Codi Heuer\heuerco01,23,CHW,AL,3,0,1.000,1.52,21,0,4,0,0,1,23.2,12,4,4,1,9,0,25,0,0,0,92,295,2.77,0.887,4.6,0.4,3.4,9.5,2.78
237,Tyler Kinley\kinlety01,29,COL,NL,0,2,.000,5.32,24,0,4,0,0,0,23.2,13,15,14,2,12,0,26,3,0,4,96,100,3.99,1.056,4.9,0.8,4.6,9.9,2.17
238,Trevor Rosenthal\rosentr01,30,TOT,MLB,1,0,1.000,1.90,23,0,18,0,0,11,23.2,12,6,5,2,8,0,38,1,1,0,91,240,2.22,0.845,4.6,0.8,3.0,14.5,4.75
239,Andre Scrubb\scruban01,25,HOU,AL,1,0,1.000,1.90,20,0,4,0,0,1,23.2,15,5,5,1,20,1,24,0,0,1,102,238,4.25,1.479,5.7,0.4,7.6,9.1,1.20
240,Wander Suero\suerowa01,28,WSN,NL,2,0,1.000,3.80,22,0,2,0,0,0,23.2,20,10,10,1,10,2,28,3,0,2,102,122,3.02,1.268,7.6,0.4,3.8,10.6,2.80
241,Nick Wittgren\wittgni01,29,CLE,AL,2,0,1.000,3.42,25,0,6,0,0,0,23.2,18,9,9,4,6,2,28,5,0,0,98,135,4.42,1.014,6.8,1.5,2.3,10.6,4.67
242,A.J. Cole\coleaj01,28,TOR,AL,3,0,1.000,3.09,24,0,7,0,0,1,23.1,19,9,8,3,9,2,20,0,0,3,95,144,4.31,1.200,7.3,1.2,3.5,7.7,2.22
243,Brusdar Graterol\gratebr01,21,LAD,NL,1,2,.333,3.09,23,2,1,0,0,0,23.1,18,9,8,1,3,0,13,3,0,0,88,139,3.41,0.900,6.9,0.4,1.2,5.0,4.33
244,Jeremy Jeffress\jeffrje01,32,CHC,NL,4,1,.800,1.54,22,0,15,0,0,8,23.1,10,5,4,1,12,1,17,2,0,0,88,292,4.09,0.943,3.9,0.4,4.6,6.6,1.42
245,Trevor May\maytr01,30,MIN,AL,1,0,1.000,3.86,24,0,4,0,0,2,23.1,20,11,10,5,7,0,38,0,0,2,96,114,3.62,1.157,7.7,1.9,2.7,14.7,5.43
246,Richard Rodriguez\rodriri05,30,PIT,NL,3,2,.600,2.70,24,0,15,0,0,4,23.1,15,8,7,3,5,0,34,2,0,3,93,167,2.85,0.857,5.8,1.2,1.9,13.1,6.80
247,Lou Trivino\trivilo01,28,OAK,AL,0,0,,3.86,20,0,9,0,0,0,23.1,16,10,10,3,10,0,26,0,0,1,93,108,3.92,1.114,6.2,1.2,3.9,10.0,2.60
248,Jose Urena\urenajo01,28,MIA,NL,0,3,.000,5.40,5,5,0,0,0,0,23.1,22,15,14,4,13,0,15,2,0,1,104,83,6.06,1.500,8.5,1.5,5.0,5.8,1.15
249,Eric Yardley\yardler01,29,MIL,NL,2,0,1.000,1.54,24,0,4,0,0,0,23.1,19,6,4,2,10,0,19,1,0,0,97,298,4.09,1.243,7.3,0.8,3.9,7.3,1.90
250,Matt Barnes\barnema01,30,BOS,AL,1,3,.250,4.30,24,0,14,0,0,9,23.0,18,13,11,4,14,1,31,2,0,4,102,109,4.84,1.391,7.0,1.6,5.5,12.1,2.21
251,Raisel Iglesias\iglesra01,30,CIN,NL,4,3,.571,2.74,22,0,17,0,0,8,23.0,16,11,7,1,5,1,31,1,1,0,91,176,1.84,0.913,6.3,0.4,2.0,12.1,6.20
252,Jonathan Loaisiga\loaisjo01,25,NYY,AL,3,0,1.000,3.52,12,3,2,0,0,0,23.0,21,11,9,3,7,1,22,4,0,1,100,123,4.41,1.217,8.2,1.2,2.7,8.6,3.14
253,Gregory Soto*\sotogr01,25,DET,AL,0,1,.000,4.30,27,0,6,0,0,2,23.0,16,11,11,2,13,0,29,2,0,3,98,109,3.76,1.261,6.3,0.8,5.1,11.3,2.23
254,Kyle Zimmer\zimmeky01,28,KCR,AL,1,0,1.000,1.57,16,1,4,0,0,0,23.0,14,4,4,0,10,0,26,1,0,2,91,295,2.36,1.043,5.5,0.0,3.9,10.2,2.60
255,Kyle Cody\codyky01,25,TEX,AL,1,1,.500,1.59,8,5,3,0,0,0,22.2,15,5,4,1,13,0,18,0,0,3,92,288,3.90,1.235,6.0,0.4,5.2,7.1,1.38
256,Joe Jimenez\jimenjo02,25,DET,AL,1,3,.250,7.15,25,0,9,0,0,5,22.2,25,19,18,7,6,0,22,5,0,1,101,66,6.72,1.368,9.9,2.8,2.4,8.7,3.67
257,Evan Marshall\marshev01,30,CHW,AL,2,1,.667,2.38,23,0,0,0,0,0,22.2,17,6,6,1,7,0,30,0,0,2,93,189,2.04,1.059,6.8,0.4,2.8,11.9,4.29
258,Mark Melancon\melanma01,35,ATL,NL,2,1,.667,2.78,23,0,19,0,0,11,22.2,22,8,7,1,7,3,14,2,0,1,95,173,3.72,1.279,8.7,0.4,2.8,5.6,2.00
259,Cole Sulser\sulseco01,30,BAL,AL,1,5,.167,5.56,19,0,9,0,0,5,22.2,17,18,14,2,17,1,19,0,0,1,100,82,4.91,1.500,6.8,0.8,6.8,7.5,1.12
260,Caleb Baragar*\baragca01,26,SFG,NL,5,1,.833,4.03,24,1,2,0,0,0,22.1,17,10,10,3,5,0,19,1,0,1,88,107,4.04,0.985,6.9,1.2,2.0,7.7,3.80
261,Wes Benjamin*\benjawe01,26,TEX,AL,1,1,.500,4.84,8,1,0,0,0,0,22.1,24,12,12,4,7,0,21,0,0,0,98,95,4.58,1.388,9.7,1.6,2.8,8.5,3.00
262,Genesis Cabrera*\cabrege01,23,STL,NL,4,1,.800,2.42,19,0,1,0,0,1,22.1,10,9,6,3,16,0,32,4,0,3,96,181,4.76,1.164,4.0,1.2,6.4,12.9,2.00
263,Alex Colome\colomal01,31,CHW,AL,2,0,1.000,0.81,21,0,18,0,0,12,22.1,13,3,2,0,8,0,16,1,0,0,90,558,2.97,0.940,5.2,0.0,3.2,6.4,2.00
264,Mychal Givens\givenmy01,30,TOT,MLB,1,1,.500,3.63,22,0,5,0,0,1,22.1,16,10,9,5,10,0,25,2,0,2,93,137,5.47,1.164,6.4,2.0,4.0,10.1,2.50
265,Geoff Hartlieb\hartlge01,26,PIT,NL,1,0,1.000,3.63,21,0,1,0,0,0,22.1,16,11,9,1,19,0,19,3,0,2,101,124,5.03,1.567,6.4,0.4,7.7,7.7,1.00
266,Jared Hughes\hugheja02,34,NYM,NL,1,2,.333,4.84,18,0,4,0,0,0,22.1,23,17,12,3,14,2,21,5,0,0,109,89,5.61,1.657,9.3,1.2,5.6,8.5,1.50
267,Wade LeBlanc*\leblawa01,35,BAL,AL,1,0,1.000,8.06,6,6,0,0,0,0,22.1,27,20,20,6,8,0,13,1,1,0,103,57,6.73,1.567,10.9,2.4,3.2,5.2,1.63
268,Joakim Soria\soriajo01,36,OAK,AL,2,2,.500,2.82,22,0,4,0,0,2,22.1,18,8,7,1,10,3,24,0,0,0,96,148,2.97,1.254,7.3,0.4,4.0,9.7,2.40
269,Nick Vincent\vinceni01,33,MIA,NL,1,2,.333,4.43,21,0,8,0,0,3,22.1,23,11,11,5,6,0,17,1,0,0,92,102,5.52,1.299,9.3,2.0,2.4,6.9,2.83
270,Paul Fry*\frypa01,27,BAL,AL,1,0,1.000,2.45,22,0,4,0,0,0,22.0,22,7,6,3,9,0,29,1,0,3,98,187,3.69,1.409,9.0,1.2,3.7,11.9,3.22
271,Brad Hand*\handbr01,30,CLE,AL,2,1,.667,2.05,23,0,21,0,0,16,22.0,13,8,5,0,4,0,29,2,0,1,86,226,1.37,0.773,5.3,0.0,1.6,11.9,7.25
272,Jake Newberry\newbeja01,25,KCR,AL,1,0,1.000,4.09,20,0,6,0,0,1,22.0,20,12,10,3,12,0,24,2,0,3,94,113,4.69,1.455,8.2,1.2,4.9,9.8,2.00
273,Emilio Pagan\paganem01,29,SDP,NL,0,1,.000,4.50,22,0,5,0,0,2,22.0,14,11,11,4,9,0,23,0,0,0,87,96,4.69,1.045,5.7,1.6,3.7,9.4,2.56
274,Tyler Zuber\zuberty01,25,KCR,AL,1,2,.333,4.09,23,0,8,0,0,0,22.0,15,11,10,4,20,1,30,1,0,1,99,113,5.69,1.591,6.1,1.6,8.2,12.3,1.50
275,Diego Castillo\castidi01,26,TBR,AL,3,0,1.000,1.66,22,0,5,0,0,4,21.2,12,4,4,3,11,0,23,1,0,0,89,257,4.53,1.062,5.0,1.2,4.6,9.6,2.09
276,Luis Cessa\cessalu01,28,NYY,AL,0,0,,3.32,16,0,6,0,0,1,21.2,20,10,8,2,7,0,17,0,1,1,93,130,3.79,1.246,8.3,0.8,2.9,7.1,2.43
277,Bryan Garcia\garcibr01,25,DET,AL,2,1,.667,1.66,26,0,12,0,0,4,21.2,18,6,4,0,10,0,12,1,0,1,93,284,3.61,1.292,7.5,0.0,4.2,5.0,1.20
278,Jonathan Holder\holdejo02,27,NYY,AL,3,0,1.000,4.98,18,0,4,0,0,0,21.2,25,13,12,3,11,1,14,0,0,1,101,87,5.22,1.662,10.4,1.2,4.6,5.8,1.27
279,Mitch Keller\kellemi03,24,PIT,NL,1,1,.500,2.91,5,5,0,0,0,0,21.2,9,7,7,4,18,0,16,1,0,2,87,155,6.74,1.246,3.7,1.7,7.5,6.6,0.89
280,Phil Maton\matonph01,27,CLE,AL,3,3,.500,4.57,23,0,4,0,0,0,21.2,23,14,11,1,6,1,32,4,0,1,96,101,2.22,1.338,9.6,0.4,2.5,13.3,5.33
281,A.J. Minter*\minteaj01,26,ATL,NL,1,1,.500,0.83,22,0,6,0,0,0,21.2,15,3,2,1,9,2,24,0,0,1,85,580,2.82,1.108,6.2,0.4,3.7,10.0,2.67
282,Hector Neris\nerishe01,31,PHI,NL,2,2,.500,4.57,24,0,13,0,0,5,21.2,24,15,11,0,13,2,27,0,1,3,103,101,2.50,1.708,10.0,0.0,5.4,11.2,2.08
283,Yusmeiro Petit\petityu01,35,OAK,AL,2,1,.667,1.66,26,0,6,0,0,0,21.2,19,4,4,3,5,0,17,0,0,0,88,252,4.11,1.108,7.9,1.2,2.1,7.1,3.40
284,Nik Turley*\turleni01,30,PIT,NL,0,3,.000,4.98,25,0,3,0,0,1,21.2,13,13,12,1,11,1,20,3,1,1,92,90,3.88,1.108,5.4,0.4,4.6,8.3,1.82
285,Tyler Webb*\webbty01,29,STL,NL,1,1,.500,2.08,21,0,5,0,0,1,21.2,17,5,5,2,7,0,19,0,0,1,87,211,3.61,1.108,7.1,0.8,2.9,7.9,2.71
286,Huascar Ynoa\ynoahu01,22,ATL,NL,0,0,,5.82,9,5,1,0,0,0,21.2,23,14,14,2,13,1,17,2,1,2,100,83,4.90,1.662,9.6,0.8,5.4,7.1,1.31
287,Adbert Alzolay\alzolad01,25,CHC,NL,1,1,.500,2.95,6,4,0,0,0,0,21.1,12,8,7,1,13,0,29,1,0,1,87,153,3.05,1.172,5.1,0.4,5.5,12.2,2.23
288,Jake Diekman*\diekmja01,33,OAK,AL,2,0,1.000,0.42,21,0,2,0,0,0,21.1,8,2,1,1,12,1,31,1,0,0,84,993,2.72,0.938,3.4,0.4,5.1,13.1,2.58
289,Buck Farmer\farmebu01,29,DET,AL,1,0,1.000,3.80,23,0,9,0,0,0,21.1,20,9,9,3,5,0,14,0,0,1,89,124,4.41,1.172,8.4,1.3,2.1,5.9,2.80
290,Jeff Hoffman\hoffmje02,27,COL,NL,2,1,.667,9.28,16,0,5,0,0,1,21.1,32,23,22,3,9,1,20,2,0,4,104,57,4.69,1.922,13.5,1.3,3.8,8.4,2.22
291,Rony Garcia\garciro03,22,DET,AL,1,0,1.000,8.14,15,2,7,0,0,0,21.0,25,20,19,7,9,0,14,0,0,1,96,58,7.48,1.619,10.7,3.0,3.9,6.0,1.56
292,Sam Howard*\howarsa01,27,PIT,NL,2,3,.400,3.86,22,0,4,0,0,0,21.0,17,10,9,4,9,0,27,3,0,0,90,117,4.81,1.238,7.3,1.7,3.9,11.6,3.00
293,Anthony Kay*\kayan01,25,TOR,AL,2,0,1.000,5.14,13,0,0,0,0,0,21.0,22,13,12,3,14,1,22,0,0,0,98,87,4.95,1.714,9.4,1.3,6.0,9.4,1.57
294,Ryan Pressly\pressry01,31,HOU,AL,1,3,.250,3.43,23,0,15,0,0,12,21.0,21,10,8,2,7,1,29,1,0,1,91,132,2.81,1.333,9.0,0.9,3.0,12.4,4.14
295,Noe Ramirez\ramirno01,30,LAA,AL,1,0,1.000,3.00,21,0,3,0,0,0,21.0,15,7,7,2,9,2,14,1,0,1,85,151,4.52,1.143,6.4,0.9,3.9,6.0,1.56
296,Jake Woodford\woodfja01,23,STL,NL,1,0,1.000,5.57,12,1,4,0,0,0,21.0,20,13,13,7,5,0,16,0,0,1,85,79,6.71,1.190,8.6,3.0,2.1,6.9,3.20
297,Daniel Hudson\hudsoda01,33,WSN,NL,3,2,.600,6.10,21,0,15,0,0,10,20.2,15,15,14,6,11,0,28,3,0,0,92,76,6.29,1.258,6.5,2.6,4.8,12.2,2.55
298,T.J. McFarland*\mcfartj01,31,OAK,AL,2,0,1.000,4.35,23,0,2,0,0,0,20.2,26,10,10,5,5,0,9,1,0,1,92,96,6.34,1.500,11.3,2.2,2.2,3.9,1.80
299,Nick Nelson\nelsoni01,24,NYY,AL,1,0,1.000,4.79,11,0,4,0,0,0,20.2,20,13,11,4,11,0,18,0,0,0,90,90,5.56,1.500,8.7,1.7,4.8,7.8,1.64
300,Enoli Paredes\pareden01,24,HOU,AL,3,3,.500,3.05,22,0,4,0,0,0,20.2,18,9,7,1,11,0,20,1,0,0,90,149,3.63,1.403,7.8,0.4,4.8,8.7,1.82
301,David Phelps\phelpda01,33,TOT,NL,2,4,.333,6.53,22,0,4,0,0,0,20.2,19,16,15,7,5,0,31,1,0,1,85,72,5.47,1.161,8.3,3.0,2.2,13.5,6.20
302,Yohan Ramirez\ramiryo01,25,SEA,AL,0,0,,2.61,16,0,7,0,0,3,20.2,9,6,6,3,20,1,26,4,0,2,94,164,6.05,1.403,3.9,1.3,8.7,11.3,1.30
303,Tanner Scott*\scottta01,25,BAL,AL,0,0,,1.31,25,0,6,0,0,1,20.2,12,5,3,1,10,0,23,3,0,4,86,351,3.48,1.065,5.2,0.4,4.4,10.0,2.30
304,Matt Strahm*\strahma01,28,SDP,NL,0,1,.000,2.61,19,0,2,0,0,0,20.2,14,6,6,3,4,0,15,5,0,1,83,166,4.93,0.871,6.1,1.3,1.7,6.5,3.75
305,Blake Taylor*\taylobl01,24,HOU,AL,2,1,.667,2.18,22,0,5,0,0,1,20.2,13,7,5,2,12,1,17,0,1,1,87,209,4.55,1.210,5.7,0.9,5.2,7.4,1.42
306,Ryan Tepera\teperry01,32,CHC,NL,0,1,.000,3.92,21,0,1,0,0,0,20.2,17,9,9,2,12,0,31,1,0,1,89,115,3.34,1.403,7.4,0.9,5.2,13.5,2.58
307,Duane Underwood Jr.\underdu01,25,CHC,NL,1,0,1.000,5.66,17,0,3,0,0,0,20.2,25,13,13,5,6,1,27,1,0,2,88,80,4.74,1.500,10.9,2.2,2.6,11.8,4.50
308,Dan Altavilla\altavda01,27,TOT,MLB,2,3,.400,5.75,22,0,7,0,0,1,20.1,18,14,13,3,12,0,24,0,0,2,89,76,4.52,1.475,8.0,1.3,5.3,10.6,2.00
309,Victor Gonzalez*\gonzavi02,24,LAD,NL,3,0,1.000,1.33,15,1,1,0,0,0,20.1,13,3,3,0,2,0,23,3,0,2,80,323,1.67,0.738,5.8,0.0,0.9,10.2,11.50
310,Jake McGee*\mcgeeja01,33,LAD,NL,3,1,.750,2.66,24,0,4,0,0,0,20.1,14,6,6,2,3,0,33,0,0,0,79,161,1.67,0.836,6.2,0.9,1.3,14.6,11.00
311,James Paxton*\paxtoja01,31,NYY,AL,1,1,.500,6.64,5,5,0,0,0,0,20.1,23,17,15,4,7,0,26,1,0,2,90,65,4.37,1.475,10.2,1.8,3.1,11.5,3.71
312,Tanner Rainey\raineta01,27,WSN,NL,1,1,.500,2.66,20,0,1,0,0,0,20.1,8,6,6,4,7,1,32,1,1,3,75,175,3.78,0.738,3.5,1.8,3.1,14.2,4.57
313,Jeffrey Springs*\sprinje01,27,BOS,AL,0,2,.000,7.08,16,0,8,0,0,0,20.1,30,18,16,5,7,1,28,1,0,2,99,67,4.81,1.820,13.3,2.2,3.1,12.4,4.00
314,Steve Cishek\cishest01,34,CHW,AL,0,0,,5.40,22,0,8,0,0,0,20.0,21,12,12,4,9,0,21,4,0,0,93,83,5.64,1.500,9.5,1.8,4.1,9.5,2.33
315,Jairo Diaz\diazja01,29,COL,NL,1,2,.333,7.65,24,0,12,0,0,4,20.0,31,21,17,4,14,1,17,3,0,2,106,70,6.64,2.250,14.0,1.8,6.3,7.7,1.21
316,Pierce Johnson\johnspi01,29,SDP,NL,3,1,.750,2.70,24,0,7,0,0,0,20.0,15,7,6,2,9,0,27,0,1,1,80,161,3.14,1.200,6.8,0.9,4.1,12.2,3.00
317,Carlos Martinez\martica04,28,STL,NL,0,3,.000,9.90,5,5,0,0,0,0,20.0,32,26,22,6,10,2,17,0,0,0,104,44,6.89,2.100,14.4,2.7,4.5,7.7,1.70
318,Anthony Misiewicz*\misiean01,25,SEA,AL,0,2,.000,4.05,21,0,1,0,0,0,20.0,20,9,9,2,6,1,25,1,0,2,83,106,3.04,1.300,9.0,0.9,2.7,11.3,4.17
319,Brooks Raley*\raleybr01,32,TOT,MLB,0,1,.000,4.95,21,0,7,0,0,1,20.0,13,12,11,3,6,0,27,4,0,0,84,95,3.94,0.950,5.9,1.4,2.7,12.2,4.50
320,Taylor Rogers*\rogerta01,29,MIN,AL,2,4,.333,4.05,21,0,16,0,0,9,20.0,26,14,9,2,4,0,24,1,0,1,91,109,2.84,1.500,11.7,0.9,1.8,10.8,6.00
321,Sergio Romo\romose01,37,MIN,AL,1,2,.333,4.05,24,0,7,0,0,5,20.0,16,9,9,3,7,0,23,3,0,0,87,109,4.34,1.150,7.2,1.4,3.2,10.4,3.29
322,Hector Rondon\rondohe01,32,ARI,NL,1,0,1.000,7.65,23,0,5,0,0,0,20.0,25,18,17,6,11,2,23,1,0,3,97,61,6.59,1.800,11.3,2.7,5.0,10.4,2.09
323,Caleb Thielbar*\thielca01,33,MIN,AL,2,1,.667,2.25,17,0,3,0,0,0,20.0,14,6,5,0,9,0,22,0,0,2,82,196,2.34,1.150,6.3,0.0,4.1,9.9,2.44
324,Taylor Widener\widenta01,25,ARI,NL,0,1,.000,4.50,12,0,4,0,0,0,20.0,14,10,10,5,12,1,22,3,0,0,88,103,6.49,1.300,6.3,2.3,5.4,9.9,1.83
325,Austin Brice\briceau01,28,BOS,AL,1,0,1.000,5.95,21,1,2,0,0,0,19.2,17,13,13,3,13,0,25,2,0,1,87,79,4.92,1.525,7.8,1.4,5.9,11.4,1.92
326,Ross Detwiler*\detwiro01,34,CHW,AL,1,1,.500,3.20,16,0,4,0,0,0,19.2,19,8,7,2,5,1,15,1,0,1,81,141,3.90,1.220,8.7,0.9,2.3,6.9,3.00
327,Jace Fry*\fryja01,26,CHW,AL,0,1,.000,3.66,18,0,4,0,0,0,19.2,16,9,8,3,12,2,24,0,0,1,83,123,4.56,1.424,7.3,1.4,5.5,11.0,2.00
328,Chi Chi Gonzalez\gonzach01,28,COL,NL,0,2,.000,6.86,6,4,0,0,0,0,19.2,22,16,15,3,10,0,16,3,0,2,91,78,5.53,1.627,10.1,1.4,4.6,7.3,1.60
329,Jimmy Herget\hergeji01,26,TEX,AL,1,0,1.000,3.20,20,1,6,0,0,0,19.2,13,7,7,2,14,1,17,2,0,0,87,143,5.22,1.373,5.9,0.9,6.4,7.8,1.21
330,Yoan López\lopezyo01,27,ARI,NL,0,1,.000,5.95,20,0,7,0,0,0,19.2,21,15,13,4,9,2,16,0,1,0,87,78,5.58,1.525,9.6,1.8,4.1,7.3,1.78
331,Alex Reyes\reyesal02,25,STL,NL,2,1,.667,3.20,15,1,5,0,0,1,19.2,14,10,7,1,14,1,27,0,0,2,86,137,3.24,1.424,6.4,0.5,6.4,12.4,1.93
332,Justin Wilson*\wilsoju10,32,NYM,NL,2,1,.667,3.66,23,0,2,0,0,0,19.2,18,10,8,1,9,1,23,1,0,3,86,117,3.04,1.373,8.2,0.5,4.1,10.5,2.56
333,Brandon Workman\workmbr01,31,TOT,MLB,1,4,.200,5.95,21,0,15,0,0,9,19.2,31,14,13,4,13,2,23,0,0,0,101,79,5.48,2.237,14.2,1.8,5.9,10.5,1.77
334,Jalen Beeks*\beeksja02,26,TBR,AL,1,1,.500,3.26,12,0,3,0,0,1,19.1,21,9,7,1,4,0,26,0,0,2,81,131,1.79,1.293,9.8,0.5,1.9,12.1,6.50
335,Adrián Morejón*\morejad01,21,SDP,NL,2,2,.500,4.66,9,4,0,0,0,0,19.1,20,11,10,7,4,0,25,0,0,0,79,93,5.93,1.241,9.3,3.3,1.9,11.6,6.25
336,Casey Sadler\sadleca02,29,TOT,MLB,1,2,.333,5.12,17,0,2,0,0,0,19.1,15,13,11,3,12,0,21,0,0,5,86,87,4.90,1.397,7.0,1.4,5.6,9.8,1.75
337,Sam Selman*\selmasa01,29,SFG,NL,1,1,.500,3.72,24,0,8,0,0,1,19.1,13,8,8,2,9,0,23,2,0,2,82,116,3.86,1.138,6.1,0.9,4.2,10.7,2.56
338,Zack Britton*\brittza01,32,NYY,AL,1,2,.333,1.89,20,0,10,0,0,8,19.0,12,6,4,0,7,0,16,0,0,4,76,228,2.61,1.000,5.7,0.0,3.3,7.6,2.29
339,Alex Claudio*\claudal01,28,MIL,NL,0,0,,4.26,20,0,7,0,0,1,19.0,18,10,9,2,6,0,15,1,0,2,81,108,4.09,1.263,8.5,0.9,2.8,7.1,2.50
340,Josh Hader*\haderjo01,26,MIL,NL,1,2,.333,3.79,21,0,17,0,0,13,19.0,8,8,8,3,10,0,31,3,0,2,78,122,4.03,0.947,3.8,1.4,4.7,14.7,3.10
341,Heath Hembree\hembrhe01,31,TOT,MLB,3,0,1.000,9.00,22,0,2,0,0,0,19.0,26,19,19,9,8,0,20,2,0,0,90,53,8.82,1.789,12.3,4.3,3.8,9.5,2.50
342,Adam Kolarek*\kolarad01,31,LAD,NL,3,0,1.000,0.95,20,0,3,0,0,1,19.0,11,2,2,1,4,0,13,0,0,2,72,453,3.14,0.789,5.2,0.5,1.9,6.2,3.25
343,Dovydas Neverauskas\neverdo01,27,PIT,NL,0,3,.000,7.11,17,0,7,0,0,0,19.0,24,17,15,5,10,0,23,0,0,2,89,64,5.77,1.789,11.4,2.4,4.7,10.9,2.30
344,Ivan Nova\novaiv01,33,DET,AL,1,1,.500,8.53,4,4,0,0,0,0,19.0,22,18,18,4,9,0,9,0,0,2,88,55,6.40,1.632,10.4,1.9,4.3,4.3,1.00
345,Tyler Chatwood\chatwty01,30,CHC,NL,2,2,.500,5.30,5,5,0,0,0,0,18.2,22,11,11,2,9,0,25,0,0,1,86,85,3.35,1.661,10.6,1.0,4.3,12.1,2.78
346,Caleb Ferguson*\ferguca01,23,LAD,NL,2,1,.667,2.89,21,1,0,0,0,0,18.2,16,7,6,4,3,0,27,0,0,0,75,148,3.57,1.018,7.7,1.9,1.4,13.0,9.00
347,Kendall Graveman\graveke01,29,SEA,AL,1,3,.250,5.79,11,2,1,0,0,0,18.2,15,13,12,2,8,0,15,0,0,0,77,74,4.26,1.232,7.2,1.0,3.9,7.2,1.88
348,Nate Jones\jonesna01,34,CIN,NL,0,1,.000,6.27,21,0,8,0,0,0,18.2,25,13,13,5,6,1,23,2,0,2,86,77,5.49,1.661,12.1,2.4,2.9,11.1,3.83
349,Dean Kremer\kremede01,24,BAL,AL,1,1,.500,4.82,4,4,0,0,0,0,18.2,15,10,10,0,12,0,22,0,0,0,83,95,2.76,1.446,7.2,0.0,5.8,10.6,1.83
350,Drew Pomeranz*\pomerdr01,31,SDP,NL,1,0,1.000,1.45,20,0,5,0,0,4,18.2,9,3,3,1,10,0,29,0,0,0,73,300,2.39,1.018,4.3,0.5,4.8,14.0,2.90
351,Archie Bradley\bradlar01,27,TOT,NL,2,0,1.000,2.95,16,0,10,0,0,6,18.1,17,6,6,1,3,0,18,1,0,0,73,163,2.59,1.091,8.3,0.5,1.5,8.8,6.00
352,Jarlin Garcia*\garcija04,27,SFG,NL,2,1,.667,0.49,19,0,5,0,0,0,18.1,11,6,1,0,7,1,14,2,1,0,73,884,3.14,0.982,5.4,0.0,3.4,6.9,2.00
353,Amir Garrett*\garream01,28,CIN,NL,1,0,1.000,2.45,21,0,1,0,0,1,18.1,10,5,5,4,7,0,26,0,0,0,69,197,4.34,0.927,4.9,2.0,3.4,12.8,3.71
354,Cam Hill\hillca02,26,CLE,AL,2,0,1.000,4.91,18,0,5,0,0,1,18.1,11,11,10,4,5,1,16,2,0,0,72,95,5.43,0.873,5.4,2.0,2.5,7.9,3.20
355,Josh Osich*\osichjo01,31,TOT,MLB,1,1,.500,6.38,17,1,3,0,0,0,18.1,21,16,13,6,5,0,24,2,0,0,86,75,5.97,1.418,10.3,2.9,2.5,11.8,4.80
356,Adam Ottavino\ottavad01,34,NYY,AL,2,3,.400,5.89,24,0,4,0,0,0,18.1,20,12,12,2,9,0,25,1,0,1,85,74,3.52,1.582,9.8,1.0,4.4,12.3,2.78
357,Riley Smith\smithri01,25,ARI,NL,2,0,1.000,1.47,6,0,5,0,0,0,18.1,15,3,3,1,5,0,18,0,0,0,70,316,2.75,1.091,7.4,0.5,2.5,8.8,3.60
358,Dan Winkler\winklda01,30,CHC,NL,0,0,,2.95,18,0,4,0,0,0,18.1,11,7,6,3,11,0,18,1,1,0,76,153,5.32,1.200,5.4,1.5,5.4,8.8,1.64
359,Jacob Barnes\barneja01,30,LAA,AL,0,2,.000,5.50,18,0,5,0,0,0,18.0,19,13,11,1,4,0,24,2,0,0,78,83,2.25,1.278,9.5,0.5,2.0,12.0,6.00
360,Brad Boxberger\boxbebr01,32,MIA,NL,1,0,1.000,3.00,23,0,0,0,0,0,18.0,17,7,6,3,8,0,18,1,0,0,79,151,4.86,1.389,8.5,1.5,4.0,9.0,2.25
361,Tim Hill*\hillti01,30,SDP,NL,3,0,1.000,4.50,23,0,3,0,0,0,18.0,17,9,9,3,6,1,20,2,1,1,79,97,4.47,1.278,8.5,1.5,3.0,10.0,3.33
362,Chris Martin\martich02,34,ATL,NL,1,1,.500,1.00,19,0,3,0,0,1,18.0,8,3,2,1,3,1,20,1,0,0,66,484,2.36,0.611,4.0,0.5,1.5,10.0,6.67
363,Nate Pearson\pearsna01,23,TOR,AL,1,0,1.000,6.00,5,4,0,0,0,0,18.0,14,15,12,5,13,0,16,0,0,1,81,74,7.19,1.500,7.0,2.5,6.5,8.0,1.23
364,Oliver Perez*\perezol01,38,CLE,AL,1,1,.500,2.00,21,0,2,0,0,1,18.0,13,5,4,0,6,3,14,3,0,0,72,232,3.14,1.056,6.5,0.0,3.0,7.0,2.33
365,Tony Watson*\watsoto01,35,SFG,NL,1,0,1.000,2.50,21,0,4,0,0,2,18.0,13,8,5,3,3,0,15,1,0,0,73,174,4.36,0.889,6.5,1.5,1.5,7.5,5.00
366,Will Harris\harriwi10,35,WSN,NL,0,1,.000,3.06,20,0,5,0,0,1,17.2,21,9,6,3,9,0,21,0,0,1,84,152,4.55,1.698,10.7,1.5,4.6,10.7,2.33
367,Rafael Montero\montera01,29,TEX,AL,0,1,.000,4.08,17,0,16,0,0,8,17.2,12,11,8,2,6,0,19,1,0,0,72,113,3.70,1.019,6.1,1.0,3.1,9.7,3.17
368,Jacob Waguespack\wagueja01,26,TOR,AL,0,0,,8.15,11,0,2,0,0,0,17.2,27,20,16,2,9,0,16,2,0,0,90,55,4.72,2.038,13.8,1.0,4.6,8.2,1.78
369,Kyle Funkhouser\funkhky01,26,DET,AL,1,1,.500,7.27,13,0,4,0,0,0,17.1,22,14,14,3,11,0,12,0,0,1,81,65,5.96,1.904,11.4,1.6,5.7,6.2,1.09
370,Jesse Hahn\hahnje01,30,KCR,AL,1,0,1.000,0.52,18,0,3,0,0,3,17.1,4,1,1,0,8,0,19,1,0,2,65,895,2.56,0.692,2.1,0.0,4.2,9.9,2.38
371,Taylor Hearn*\hearnta01,25,TEX,AL,1,0,1.000,3.63,14,0,3,0,0,0,17.1,13,8,7,2,11,0,23,1,0,2,76,127,4.11,1.385,6.8,1.0,5.7,11.9,2.09
372,Josh James\jamesjo02,27,HOU,AL,1,0,1.000,7.27,13,2,1,0,0,0,17.1,15,14,14,4,17,0,21,2,0,2,83,63,7.06,1.846,7.8,2.1,8.8,10.9,1.24
373,Luis Patino\patinlu01,20,SDP,NL,1,0,1.000,5.19,11,1,1,0,0,0,17.1,18,10,10,3,14,0,21,1,0,1,85,84,5.61,1.846,9.3,1.6,7.3,10.9,1.50
374,Luis Perdomo\perdolu02,27,SDP,NL,0,0,,5.71,10,1,3,0,0,0,17.1,13,12,11,3,10,0,16,0,0,0,74,76,5.33,1.327,6.8,1.6,5.2,8.3,1.60
375,Cy Sneed\sneedcy01,27,HOU,AL,0,3,.000,5.71,18,0,8,0,0,0,17.1,22,15,11,3,10,2,21,0,0,1,83,80,4.75,1.846,11.4,1.6,5.2,10.9,2.10
376,Rowan Wick\wickro01,27,CHC,NL,0,1,.000,3.12,19,0,6,0,0,4,17.1,18,6,6,1,6,1,20,0,0,0,74,145,2.67,1.385,9.3,0.5,3.1,10.4,3.33
377,Pedro Baez\baezpe01,32,LAD,NL,0,0,,3.18,18,0,2,0,0,2,17.0,10,8,6,2,7,0,13,0,0,0,70,135,4.43,1.000,5.3,1.1,3.7,6.9,1.86
378,Jesse Chavez\chaveje01,36,TEX,AL,0,0,,6.88,18,0,5,0,0,0,17.0,20,13,13,6,7,0,13,1,0,0,77,67,7.66,1.588,10.6,3.2,3.7,6.9,1.86
379,David Hale\haleda02,32,TOT,MLB,0,0,,3.71,11,2,3,0,0,1,17.0,23,7,7,2,4,0,14,0,0,0,75,124,3.78,1.588,12.2,1.1,2.1,7.4,3.50
380,Tanner Houck\houckta01,24,BOS,AL,3,0,1.000,0.53,3,3,0,0,0,0,17.0,6,2,1,1,9,0,21,1,0,1,63,895,3.25,0.882,3.2,0.5,4.8,11.1,2.33
381,Cody Ponce\ponceco01,26,PIT,NL,1,1,.500,3.18,5,3,1,0,0,0,17.0,12,7,6,5,6,0,12,0,0,0,66,143,6.66,1.059,6.4,2.6,3.2,6.4,2.00
382,Dennis Santana\santade01,24,LAD,NL,1,2,.333,5.29,12,0,7,0,0,0,17.0,15,11,10,4,7,0,18,2,0,1,73,81,5.72,1.294,7.9,2.1,3.7,9.5,2.57
383,Richard Bleier*\bleieri01,33,TOT,MLB,1,1,.500,2.16,21,0,1,0,0,0,16.2,14,6,4,0,4,1,11,1,0,2,67,215,2.77,1.080,7.6,0.0,2.2,5.9,2.75
384,Ryan Borucki*\borucry01,26,TOR,AL,1,1,.500,2.70,21,0,1,0,0,0,16.2,12,5,5,1,12,1,21,0,0,0,73,166,3.61,1.440,6.5,0.5,6.5,11.3,1.75
385,Hansel Robles\robleha01,29,LAA,AL,0,2,.000,10.26,18,0,5,0,0,1,16.2,19,20,19,4,10,0,20,1,0,1,80,44,5.89,1.740,10.3,2.2,5.4,10.8,2.00
386,Jeff Samardzija\samarje01,35,SFG,NL,0,2,.000,9.72,4,4,0,0,0,0,16.2,21,19,18,7,4,0,6,2,0,0,77,45,9.01,1.500,11.3,3.8,2.2,3.2,1.50
387,Dillon Tate\tatedi01,26,BAL,AL,1,1,.500,3.24,12,0,1,0,0,0,16.2,9,7,6,1,5,0,14,2,1,1,64,142,3.55,0.840,4.9,0.5,2.7,7.6,2.80
388,Nick Anderson\anderni01,29,TBR,AL,2,1,.667,0.55,19,0,9,0,0,6,16.1,5,2,1,1,3,0,26,0,0,0,58,780,1.35,0.490,2.8,0.6,1.7,14.3,8.67
389,Wilmer Font\fontwi01,30,TOR,AL,1,3,.250,9.92,21,0,5,0,0,0,16.1,28,19,18,2,9,0,15,1,0,1,85,45,4.78,2.265,15.4,1.1,5.0,8.3,1.67
390,Brady Lail\lailbr01,26,TOT,AL,0,0,,4.41,8,0,7,0,0,0,16.1,14,8,8,5,7,0,12,2,0,0,71,100,7.35,1.286,7.7,2.8,3.9,6.6,1.71
391,Walker Lockett\lockewa01,26,TOT,MLB,1,0,1.000,4.96,7,1,3,0,0,0,16.1,21,9,9,2,4,0,11,2,0,0,73,89,4.54,1.531,11.6,1.1,2.2,6.1,2.75
392,Darren O'Day\odayda01,37,ATL,NL,4,0,1.000,1.10,19,0,1,0,0,0,16.1,8,3,2,1,5,0,22,3,0,0,67,440,2.76,0.796,4.4,0.6,2.8,12.1,4.40
393,Lewis Thorpe*\thorple01,24,MIN,AL,0,1,.000,6.06,7,1,3,0,0,0,16.1,24,12,11,4,10,0,10,0,0,0,77,73,6.99,2.082,13.2,2.2,5.5,5.5,1.00
394,Kevin Ginkel\ginkeke01,26,ARI,NL,0,2,.000,6.75,19,0,2,0,0,1,16.0,21,13,12,3,13,2,18,0,0,4,79,69,5.82,2.125,11.8,1.7,7.3,10.1,1.38
395,Blake Parker\parkebl01,35,PHI,NL,3,0,1.000,2.81,14,1,4,0,0,0,16.0,12,7,5,2,9,2,25,0,0,0,69,164,3.38,1.313,6.8,1.1,5.1,14.1,2.78
396,Devin Smeltzer*\smeltde01,24,MIN,AL,2,0,1.000,6.75,7,1,2,0,0,0,16.0,19,12,12,2,5,0,15,1,0,0,72,66,4.07,1.500,10.7,1.1,2.8,8.4,3.00
397,Will Smith*\smithwi04,30,ATL,NL,2,2,.500,4.50,18,0,1,0,0,0,16.0,11,8,8,7,4,0,18,0,0,0,62,108,7.38,0.938,6.2,3.9,2.3,10.1,4.50
398,Joey Gerber\gerbejo01,23,SEA,AL,1,1,.500,4.02,17,0,3,0,0,0,15.2,13,8,7,1,5,0,6,1,0,1,62,107,4.40,1.149,7.5,0.6,2.9,3.4,1.20
399,Javy Guerra\guerrja01,34,WSN,NL,0,0,,4.02,14,0,2,0,0,0,15.2,19,7,7,2,7,0,13,0,0,0,70,116,4.53,1.660,10.9,1.1,4.0,7.5,1.86
400,Ljay Newsome\newsolj01,23,SEA,AL,0,1,.000,5.17,5,4,0,0,0,0,15.2,20,9,9,4,1,0,9,1,0,0,68,83,5.74,1.340,11.5,2.3,0.6,5.2,9.00
401,Nick Pivetta\pivetni01,27,TOT,MLB,2,0,1.000,6.89,5,2,0,0,0,0,15.2,18,12,12,4,6,0,17,1,0,1,71,70,5.68,1.532,10.3,2.3,3.4,9.8,2.83
402,Kyle Ryan*\ryanky01,28,CHC,NL,1,0,1.000,5.17,18,0,2,0,0,1,15.2,16,9,9,5,6,0,11,0,0,0,66,88,7.08,1.404,9.2,2.9,3.4,6.3,1.83
403,John Schreiber\schrejo01,26,DET,AL,0,1,.000,6.32,15,0,2,0,0,0,15.2,19,11,11,2,4,1,14,1,0,0,70,75,4.02,1.468,10.9,1.1,2.3,8.0,3.50
404,Nick Tropeano\tropeni01,29,PIT,NL,1,0,1.000,1.15,7,0,2,0,0,0,15.2,14,2,2,1,4,0,19,1,0,1,66,395,2.55,1.149,8.0,0.6,2.3,10.9,4.75
405,Bryse Wilson\wilsobr02,22,ATL,NL,1,0,1.000,4.02,6,2,2,0,0,1,15.2,18,7,7,2,9,0,15,1,0,0,73,121,4.85,1.723,10.3,1.1,5.2,8.6,1.67
406,Shaun Anderson\andersh01,25,SFG,NL,0,0,,3.52,18,0,4,0,0,0,15.1,10,6,6,3,12,0,18,0,0,2,67,124,5.73,1.435,5.9,1.8,7.0,10.6,1.50
407,Craig Kimbrel\kimbrcr01,32,CHC,NL,0,1,.000,5.28,18,0,11,0,0,2,15.1,10,9,9,2,12,1,28,2,0,4,69,86,3.97,1.435,5.9,1.2,7.0,16.4,2.33
408,Drew Rasmussen\rasmudr01,24,MIL,NL,1,0,1.000,5.87,12,0,3,0,0,0,15.1,17,10,10,3,9,0,21,0,0,0,71,79,4.76,1.696,10.0,1.8,5.3,12.3,2.33
409,Shawn Armstrong\armstsh01,29,BAL,AL,2,0,1.000,1.80,14,0,2,0,0,0,15.0,9,6,3,1,3,0,14,1,0,2,57,256,2.99,0.800,5.4,0.6,1.8,8.4,4.67
410,Giovanny Gallegos\gallegi01,28,STL,NL,2,2,.500,3.60,16,0,7,0,0,4,15.0,9,6,6,1,4,0,21,0,0,1,57,122,2.06,0.867,5.4,0.6,2.4,12.6,5.25
411,John Gant\gantjo01,27,STL,NL,0,3,.000,2.40,17,0,2,0,0,0,15.0,9,6,4,0,7,0,18,0,0,1,61,184,2.19,1.067,5.4,0.0,4.2,10.8,2.57
412,Yimi Garcia\garciyi01,29,MIA,NL,3,0,1.000,0.60,14,0,4,0,0,1,15.0,9,1,1,0,5,0,19,0,1,0,60,757,1.66,0.933,5.4,0.0,3.0,11.4,3.80
413,Cody Stashak\stashco01,26,MIN,AL,1,0,1.000,3.00,11,0,1,0,0,0,15.0,11,5,5,2,3,0,17,0,0,1,57,148,3.26,0.933,6.6,1.2,1.8,10.2,5.67
414,Cam Bedrosian\bedroca01,28,LAA,AL,0,0,,2.45,11,0,3,0,0,0,14.2,10,4,4,0,6,0,11,0,0,1,58,186,2.92,1.091,6.1,0.0,3.7,6.8,1.83
415,Sam Coonrod\coonrsa01,27,SFG,NL,0,2,.000,9.82,18,0,5,0,0,3,14.2,17,16,16,2,7,0,15,2,0,1,71,44,4.76,1.636,10.4,1.2,4.3,9.2,2.14
416,Carlos Hernandez\hernaca04,23,KCR,AL,0,1,.000,4.91,5,3,0,0,0,0,14.2,19,9,8,4,6,0,13,1,0,0,67,95,6.40,1.705,11.7,2.5,3.7,8.0,2.17
417,James Hoyt\hoytja01,33,MIA,NL,2,0,1.000,1.23,24,0,3,0,0,0,14.2,9,2,2,1,8,1,20,1,1,2,62,370,3.19,1.159,5.5,0.6,4.9,12.3,2.50
418,Brett Martin*\martibr01,25,TEX,AL,1,1,.500,1.84,15,0,4,0,0,0,14.2,8,5,3,2,9,0,8,0,0,1,61,251,5.71,1.159,4.9,1.2,5.5,4.9,0.89
419,Jordan Romano\romanjo03,27,TOR,AL,2,1,.667,1.23,15,0,3,0,0,2,14.2,8,3,2,2,5,0,21,0,0,0,57,365,3.12,0.886,4.9,1.2,3.1,12.9,4.20
420,Taylor Williams\willita01,28,TOT,MLB,1,1,.500,6.14,15,0,9,0,0,6,14.2,14,10,10,1,7,1,20,3,1,6,67,72,3.40,1.432,8.6,0.6,4.3,12.3,2.86
421,Wade Miley*\mileywa01,33,CIN,NL,0,3,.000,5.65,6,4,2,0,0,0,14.1,15,10,9,1,9,0,12,2,1,0,67,86,4.73,1.674,9.4,0.6,5.7,7.5,1.33
422,Evan Phillips\phillev01,25,BAL,AL,1,1,.500,5.02,14,0,3,0,0,0,14.1,14,8,8,1,10,0,20,3,1,1,69,92,4.03,1.674,8.8,0.6,6.3,12.6,2.00
423,Erasmo Ramirez\ramirer02,30,NYM,NL,0,0,,0.63,6,0,3,0,0,1,14.1,8,1,1,1,4,0,9,0,0,0,53,688,3.68,0.837,5.0,0.6,2.5,5.7,2.25
424,Cesar Valdez\valdece01,35,BAL,AL,1,1,.500,1.26,9,0,7,0,0,3,14.1,7,3,2,0,3,0,12,0,0,1,53,368,2.14,0.698,4.4,0.0,1.9,7.5,4.00
425,Dylan Covey\coveydy01,28,BOS,AL,0,0,,7.07,8,0,2,0,0,0,14.0,18,11,11,2,2,0,11,0,0,1,60,67,3.91,1.429,11.6,1.3,1.3,7.1,5.50
426,Robert Gsellman\gsellro01,26,NYM,NL,0,0,,9.64,6,4,0,0,0,0,14.0,22,15,15,4,8,0,9,1,0,2,71,45,7.55,2.143,14.1,2.6,5.1,5.8,1.13
427,Ian Kennedy\kenneia01,35,KCR,AL,0,2,.000,9.00,15,1,1,0,0,0,14.0,20,17,14,7,5,1,15,1,0,0,69,52,8.83,1.786,12.9,4.5,3.2,9.6,3.00
428,Mike Kickham*\kickhmi01,31,BOS,AL,1,1,.500,7.71,6,2,2,0,0,0,14.0,21,12,12,6,5,1,17,2,0,0,70,62,7.83,1.857,13.5,3.9,3.2,10.9,3.40
429,Colin Rea\reaco01,29,CHC,NL,1,1,.500,5.79,9,2,3,0,0,0,14.0,15,9,9,3,2,0,10,0,0,0,62,79,4.98,1.214,9.6,1.9,1.3,6.4,5.00
430,Caleb Smith*\smithca03,28,TOT,NL,0,0,,2.57,5,4,0,0,0,0,14.0,6,4,4,3,12,0,15,0,0,0,60,185,6.41,1.286,3.9,1.9,7.7,9.6,1.25
431,Jordan Weems\weemsjo01,27,OAK,AL,0,0,,3.21,9,0,4,0,0,0,14.0,10,5,5,1,7,0,18,0,0,2,58,131,3.05,1.214,6.4,0.6,4.5,11.6,2.57
432,Jason Adam\adamja01,28,CHC,NL,2,1,.667,3.29,13,0,5,0,0,0,13.2,9,7,5,2,8,0,21,0,0,0,58,138,3.78,1.244,5.9,1.3,5.3,13.8,2.63
433,Sean Newcomb*\newcose01,27,ATL,NL,0,2,.000,11.20,4,4,0,0,0,0,13.2,20,17,17,4,6,0,10,3,0,1,70,43,7.51,1.902,13.2,2.6,4.0,6.6,1.67
434,Jake Odorizzi\odorija01,30,MIN,AL,0,1,.000,6.59,4,4,0,0,0,0,13.2,16,10,10,4,3,0,12,1,0,0,60,68,6.12,1.390,10.5,2.6,2.0,7.9,4.00
435,Mike Soroka\sorokmi01,22,ATL,NL,0,1,.000,3.95,3,3,0,0,0,0,13.2,11,7,6,0,7,0,8,1,0,1,57,123,3.78,1.317,7.2,0.0,4.6,5.3,1.14
436,Javy Guerra\guerrja02,24,SDP,NL,1,0,1.000,10.13,14,0,5,0,0,0,13.1,25,16,15,1,5,0,12,1,0,2,67,43,3.72,2.250,16.9,0.7,3.4,8.1,2.40
437,Corey Knebel\knebeco01,28,MIL,NL,0,0,,6.08,15,0,2,0,0,0,13.1,15,9,9,4,8,0,15,0,0,0,62,76,6.64,1.725,10.1,2.7,5.4,10.1,1.88
438,Hoby Milner*\milneho01,29,LAA,AL,0,0,,8.10,19,0,4,0,0,0,13.1,13,12,12,5,6,0,13,1,0,0,59,57,7.69,1.425,8.8,3.4,4.1,8.8,2.17
439,Robert Stock\stockro01,30,BOS,AL,0,1,.000,4.73,10,0,4,0,0,0,13.1,16,9,7,0,10,0,14,0,0,3,62,101,3.34,1.950,10.8,0.0,6.8,9.5,1.40
440,Marcus Walden\waldema01,31,BOS,AL,0,2,.000,9.45,15,0,4,0,0,1,13.1,23,18,14,5,9,0,10,0,0,1,71,50,8.59,2.400,15.5,3.4,6.1,6.8,1.11
441,Julian Merryweather\merryju01,28,TOR,AL,0,0,,4.15,8,3,0,0,0,0,13.0,11,6,6,0,6,0,15,0,0,0,55,108,2.27,1.308,7.6,0.0,4.2,10.4,2.50
442,Andrew Miller*\millean01,35,STL,NL,1,1,.500,2.77,16,0,5,0,0,4,13.0,9,4,4,0,5,0,16,3,0,2,55,160,2.58,1.077,6.2,0.0,3.5,11.1,3.20
443,Adam Morgan*\morgaad01,30,PHI,NL,0,1,.000,5.54,17,0,4,0,0,0,13.0,14,8,8,3,6,0,16,0,0,0,58,84,5.11,1.538,9.7,2.1,4.2,11.1,2.67
444,Corey Oswalt\oswalco01,26,NYM,NL,0,0,,4.85,4,1,2,0,0,0,13.0,14,7,7,3,2,0,11,1,0,0,55,89,5.19,1.231,9.7,2.1,1.4,7.6,5.50
445,Joely Rodriguez*\rodrijo06,28,TEX,AL,0,0,,2.13,12,0,2,0,0,0,12.2,8,3,3,0,5,0,17,0,0,1,52,217,1.69,1.026,5.7,0.0,3.6,12.1,3.40
446,Alex Wood*\woodal02,29,LAD,NL,0,1,.000,6.39,9,2,2,0,0,0,12.2,17,11,9,2,6,1,15,3,0,1,65,68,5.01,1.816,12.1,1.4,4.3,10.7,2.50
447,Scott Alexander*\alexasc02,30,LAD,NL,2,0,1.000,2.92,13,0,1,0,0,0,12.1,9,6,4,2,9,1,9,0,0,0,52,149,6.03,1.459,6.6,1.5,6.6,6.6,1.00
448,Brad Brach\brachbr01,34,NYM,NL,1,0,1.000,5.84,14,0,5,0,0,0,12.1,8,8,8,2,14,0,14,1,0,2,58,74,6.68,1.784,5.8,1.5,10.2,10.2,1.00
449,Luis Garcia\garcilu05,23,HOU,AL,0,1,.000,2.92,5,1,1,0,0,0,12.1,7,4,4,1,5,0,9,1,0,1,49,157,4.25,0.973,5.1,0.7,3.6,6.6,1.80
450,Ian Gibaut\gibauia01,26,TEX,AL,0,1,.000,6.57,14,0,0,0,0,0,12.1,11,10,9,2,9,0,14,1,1,2,59,71,5.46,1.622,8.0,1.5,6.6,10.2,1.56
451,Yoshihisa Hirano\hiranyo01,36,SEA,AL,0,1,.000,5.84,13,0,9,0,0,4,12.1,18,9,8,2,8,0,11,1,0,0,63,74,5.70,2.108,13.1,1.5,5.8,8.0,1.38
452,Daniel Mengden\mengdda01,27,OAK,AL,0,1,.000,3.65,4,1,2,0,0,0,12.1,14,5,5,2,7,0,10,1,0,0,58,116,5.62,1.703,10.2,1.5,5.1,7.3,1.43
453,Ryan Helsley\helslry01,25,STL,NL,1,1,.500,5.25,12,0,4,0,0,1,12.0,8,8,7,3,8,1,10,1,0,0,52,84,7.02,1.333,6.0,2.3,6.0,7.5,1.25
454,Keynan Middleton\middlke01,26,LAA,AL,0,1,.000,5.25,13,0,4,0,0,0,12.0,12,8,7,2,6,0,11,0,0,1,53,88,5.02,1.500,9.0,1.5,4.5,8.3,1.83
455,Cody Reed*\reedco01,27,TOT,MLB,0,1,.000,4.50,11,0,5,0,0,0,12.0,11,6,6,2,8,0,12,1,0,1,55,109,5.61,1.583,8.3,1.5,6.0,9.0,1.50
456,Burch Smith\smithbu03,30,OAK,AL,2,0,1.000,2.25,6,0,3,0,0,1,12.0,7,3,3,1,1,0,13,0,0,0,44,189,2.36,0.667,5.3,0.8,0.8,9.8,13.00
457,Dellin Betances\betande01,32,NYM,NL,0,1,.000,7.71,15,0,2,0,0,0,11.2,12,10,10,0,12,0,11,2,0,2,59,56,4.91,2.057,9.3,0.0,9.3,8.5,0.92
458,Aroldis Chapman*\chapmar01,32,NYY,AL,1,1,.500,3.09,13,0,8,0,0,3,11.2,6,4,4,2,4,0,22,1,1,0,45,142,2.93,0.857,4.6,1.5,3.1,17.0,5.50
459,Seth Elledge\elledse01,24,STL,NL,1,0,1.000,4.63,12,0,5,0,0,0,11.2,11,6,6,2,8,0,14,1,0,2,52,96,5.33,1.629,8.5,1.5,6.2,10.8,1.75
460,Trevor Gott\gotttr01,27,SFG,NL,1,2,.333,10.03,15,0,5,0,0,4,11.2,13,13,13,7,8,0,8,1,0,0,57,44,11.93,1.800,10.0,5.4,6.2,6.2,1.00
461,Matt Harvey\harvema01,31,KCR,AL,0,3,.000,11.57,7,4,1,0,0,0,11.2,27,15,15,6,5,0,10,0,0,0,65,41,9.45,2.743,20.8,4.6,3.9,7.7,2.00
462,Dakota Bacus\bacusda01,29,WSN,NL,0,0,,7.94,11,0,3,0,0,0,11.1,14,10,10,1,9,0,7,0,0,0,57,59,5.49,2.029,11.1,0.8,7.1,5.6,0.78
463,Connor Brogdon\brogdco01,25,PHI,NL,1,0,1.000,3.97,9,0,3,0,0,0,11.1,5,5,5,3,5,1,17,0,0,0,44,117,4.96,0.882,4.0,2.4,4.0,13.5,3.40
464,Yonny Chirinos\chiriyo01,26,TBR,AL,0,0,,2.38,3,3,0,0,0,0,11.1,14,4,3,2,4,0,10,2,0,0,52,182,5.31,1.588,11.1,1.6,3.2,7.9,2.50
465,Adam Cimber\cimbead01,29,CLE,AL,0,1,.000,3.97,14,0,5,0,0,0,11.1,13,5,5,1,2,0,5,0,0,0,49,118,3.99,1.324,10.3,0.8,1.6,4.0,2.50
466,Franklyn Kilome\kilomfr01,25,NYM,NL,0,1,.000,11.12,4,0,2,0,0,1,11.1,14,14,14,5,9,0,13,1,0,1,58,39,9.28,2.029,11.1,4.0,7.1,10.3,1.44
467,Conner Menez*\menezco01,25,SFG,NL,1,0,1.000,2.38,7,0,3,0,0,0,11.1,6,4,3,2,5,0,8,1,0,0,45,184,5.66,0.971,4.8,1.6,4.0,6.4,1.60
468,Jordan Yamamoto\yamamjo01,24,MIA,NL,0,1,.000,18.26,4,3,0,0,0,0,11.1,27,24,23,8,7,0,13,0,0,0,67,25,11.93,3.000,21.4,6.4,5.6,10.3,1.86
469,T.J. Zeuch\zeuchtj01,24,TOR,AL,1,0,1.000,1.59,3,1,1,0,0,0,11.1,9,2,2,1,4,0,3,0,0,0,47,284,4.87,1.147,7.1,0.8,3.2,2.4,0.75
470,Oliver Drake\drakeol01,33,TBR,AL,0,2,.000,5.73,11,0,4,0,0,2,11.0,7,8,7,2,6,1,7,0,0,1,45,76,5.92,1.182,5.7,1.6,4.9,5.7,1.17
471,Nick Goody\goodyni01,28,TEX,AL,0,2,.000,9.00,17,1,3,0,0,1,11.0,14,12,11,3,8,0,13,0,0,1,55,52,6.55,2.000,11.5,2.5,6.5,10.6,1.63
472,Kyle Hart*\hartky01,27,BOS,AL,0,1,.000,15.55,4,3,0,0,0,0,11.0,24,21,19,4,10,0,13,0,1,0,67,31,8.28,3.091,19.6,3.3,8.2,10.6,1.30
473,Eric Lauer*\lauerer01,25,MIL,NL,0,2,.000,13.09,4,2,0,0,0,0,11.0,17,16,16,2,9,0,12,2,0,1,61,36,6.37,2.364,13.9,1.6,7.4,9.8,1.33
474,Kyle McGowin\mcgowky01,28,WSN,NL,1,0,1.000,4.91,9,0,3,0,0,1,11.0,9,6,6,2,5,1,16,0,0,1,47,96,4.01,1.273,7.4,1.6,4.1,13.1,3.20
475,Stephen Tarpley*\tarplst01,27,MIA,NL,2,2,.500,9.00,12,0,3,0,0,1,11.0,11,12,11,2,8,2,11,3,0,0,53,51,6.55,1.727,9.0,1.6,6.5,9.0,1.38
476,Logan Allen*\allenlo01,23,CLE,AL,0,0,,3.38,3,0,2,0,0,0,10.2,12,4,4,1,7,0,7,1,0,1,49,139,5.35,1.781,10.1,0.8,5.9,5.9,1.00
477,Humberto Castellanos\castehu01,22,HOU,AL,0,1,.000,6.75,8,0,4,0,0,0,10.2,12,8,8,2,5,0,12,2,0,0,51,68,5.35,1.594,10.1,1.7,4.2,10.1,2.40
478,Robert Dugger\duggero01,24,MIA,NL,0,0,,12.66,4,1,2,0,0,0,10.2,21,16,15,5,3,0,4,0,0,1,56,36,9.38,2.250,17.7,4.2,2.5,3.4,1.33
479,Nick Ramirez*\ramirni01,30,DET,AL,0,0,,5.91,5,0,1,0,0,0,10.2,8,7,7,3,4,0,11,1,0,0,46,81,6.19,1.125,6.8,2.5,3.4,9.3,2.75
480,JoJo Romero*\romerjo01,23,PHI,NL,0,0,,7.59,12,0,2,0,0,0,10.2,13,10,9,1,2,0,10,2,0,0,47,62,3.66,1.406,11.0,0.8,1.7,8.4,5.00
481,Carson Fulmer\fulmeca01,26,TOT,AL,0,0,,4.35,10,0,3,0,0,0,10.1,8,5,5,1,5,0,11,2,0,3,46,112,4.35,1.258,7.0,0.9,4.4,9.6,2.20
482,John King*\kingjo01,25,TEX,AL,1,0,1.000,6.10,6,0,0,0,0,0,10.1,13,8,7,2,4,0,9,2,0,0,51,76,5.71,1.645,11.3,1.7,3.5,7.8,2.25
483,Matt Magill\magilma01,30,SEA,AL,0,1,.000,6.10,11,0,0,0,0,0,10.1,9,7,7,3,6,0,11,0,0,1,45,71,6.58,1.452,7.8,2.6,5.2,9.6,1.83
484,Rico Garcia\garciri01,26,SFG,NL,1,1,.500,5.40,12,0,2,0,0,0,10.0,13,6,6,1,4,0,7,0,0,2,44,82,4.29,1.700,11.7,0.9,3.6,6.3,1.75
485,Joe Kelly\kellyjo05,32,LAD,NL,0,0,,1.80,12,1,2,0,0,0,10.0,8,3,2,0,7,0,9,0,0,3,42,243,3.49,1.500,7.2,0.0,6.3,8.1,1.29
486,Humberto Mejia\mejiahu01,23,MIA,NL,0,2,.000,5.40,3,3,0,0,0,0,10.0,13,8,6,3,6,0,11,1,0,0,49,85,6.99,1.900,11.7,2.7,5.4,9.9,1.83
487,Keury Mella\mellake01,26,ARI,NL,2,0,1.000,1.80,11,0,3,0,0,0,10.0,10,3,2,1,3,1,10,0,0,1,42,262,3.39,1.300,9.0,0.9,2.7,9.0,3.33
488,Jose Quintana*\quintjo01,31,CHC,NL,0,0,,4.50,4,1,0,0,0,0,10.0,10,5,5,1,3,0,12,0,0,1,41,102,2.99,1.300,9.0,0.9,2.7,10.8,4.00
489,Ryne Stanek\stanery01,28,MIA,NL,0,0,,7.20,9,0,3,0,0,0,10.0,11,8,8,3,8,1,11,0,0,0,48,64,7.29,1.900,9.9,2.7,7.2,9.9,1.38
490,Robert Stephenson\stephro01,27,CIN,NL,0,0,,9.90,10,0,4,0,0,0,10.0,11,11,11,8,3,0,13,1,0,0,43,50,12.19,1.400,9.9,7.2,2.7,11.7,4.33
491,Jacob Webb\webbja01,26,ATL,NL,0,0,,0.00,8,0,4,0,0,0,10.0,7,2,0,0,5,1,10,0,0,0,40,,2.69,1.200,6.3,0.0,4.5,9.0,2.00
492,Andrew Chafin*\chafian01,30,TOT,NL,1,2,.333,6.52,15,0,5,0,0,1,9.2,11,7,7,2,5,1,13,0,0,0,45,74,4.74,1.655,10.2,1.9,4.7,12.1,2.60
493,Dominic Leone\leonedo01,28,CLE,AL,0,0,,8.38,12,0,4,0,0,0,9.2,14,9,9,3,5,0,16,0,0,1,47,56,5.47,1.966,13.0,2.8,4.7,14.9,3.20
494,Ramon Rosso\rossora01,24,PHI,NL,0,1,.000,6.52,7,1,3,0,0,0,9.2,9,7,7,1,8,0,11,1,1,3,46,72,5.05,1.759,8.4,0.9,7.4,10.2,1.38
495,Ryan Sherriff*\sherrry01,30,TBR,AL,1,0,1.000,0.00,10,0,3,0,0,1,9.2,6,0,0,0,2,0,2,0,0,0,34,,3.40,0.828,5.6,0.0,1.9,1.9,1.00
496,Andrew Suarez*\suarean01,27,SFG,NL,0,0,,3.72,6,0,1,0,0,0,9.2,9,4,4,1,6,0,5,0,0,1,42,119,5.36,1.552,8.4,0.9,5.6,4.7,0.83
497,Aaron Bummer*\bummeaa01,26,CHW,AL,1,0,1.000,0.96,9,0,1,0,0,0,9.1,5,1,1,0,5,0,14,0,0,0,38,476,1.80,1.071,4.8,0.0,4.8,13.5,2.80
498,J.P. Feyereisen\feyerjo01,27,MIL,NL,0,0,,5.79,6,0,4,0,0,0,9.1,4,6,6,3,5,0,7,1,0,0,37,81,7.80,0.964,3.9,2.9,4.8,6.8,1.40
499,Chaz Roe\roech01,33,TBR,AL,2,0,1.000,2.89,10,0,4,0,0,1,9.1,10,4,3,0,3,0,9,1,0,0,39,151,2.55,1.393,9.6,0.0,2.9,8.7,3.00
500,Jose Alvarado*\alvarjo03,25,TBR,AL,0,0,,6.00,9,0,3,0,0,0,9.0,9,7,6,2,6,0,13,2,0,3,45,73,5.86,1.667,9.0,2.0,6.0,13.0,2.17
501,Brandon Leibrandt*\leibrbr01,27,MIA,NL,0,0,,2.00,5,0,2,0,0,0,9.0,3,2,2,0,7,1,3,0,0,0,36,230,4.86,1.111,3.0,0.0,7.0,3.0,0.43
502,Chance Adams\adamsch01,25,KCR,AL,0,0,,9.35,6,0,1,0,0,0,8.2,15,9,9,1,0,0,6,0,0,2,40,51,3.31,1.731,15.6,1.0,0.0,6.2,
503,Matt Hall*\hallma02,26,BOS,AL,0,3,.000,18.69,4,1,0,0,0,0,8.2,17,18,18,2,10,0,9,1,0,0,54,26,7.92,3.115,17.7,2.1,10.4,9.3,0.90
504,Hunter Harvey\harvehu01,25,BAL,AL,0,2,.000,4.15,10,0,2,0,0,0,8.2,8,6,4,2,2,0,6,1,0,2,37,113,5.84,1.154,8.3,2.1,2.1,6.2,3.00
505,Nivaldo Rodriguez\rodrini01,23,HOU,AL,0,1,.000,6.23,5,0,3,0,0,0,8.2,15,7,6,3,6,1,8,0,0,1,46,75,7.92,2.423,15.6,3.1,6.2,8.3,1.33
506,Jesus Tinoco\tinocje01,25,TOT,NL,0,0,,1.04,6,0,3,0,0,0,8.2,3,1,1,0,7,0,6,0,0,2,32,494,4.23,1.154,3.1,0.0,7.3,6.2,0.86
507,Luis Avilan*\avilalu01,30,NYY,AL,0,0,,4.32,10,0,1,0,0,0,8.1,9,4,4,2,5,0,9,0,0,0,39,103,5.95,1.680,9.7,2.2,5.4,9.7,1.80
508,Tyler Bashlor\bashlty01,27,PIT,NL,0,0,,8.64,8,0,3,0,0,0,8.1,9,8,8,2,4,0,6,2,0,1,38,53,7.03,1.560,9.7,2.2,4.3,6.5,1.50
509,Travis Bergen*\bergetr01,26,TOT,MLB,1,0,1.000,3.24,8,0,2,0,0,1,8.1,5,3,3,1,9,0,11,0,0,0,36,151,5.35,1.680,5.4,1.1,9.7,11.9,1.22
510,Nabil Crismatt\crismna01,25,STL,NL,0,0,,3.24,6,0,6,0,0,0,8.1,6,3,3,2,1,1,8,0,0,0,31,138,4.75,0.840,6.5,2.2,1.1,8.6,8.00
511,Wil Crowe\crowewi01,25,WSN,NL,0,2,.000,11.88,3,3,0,0,0,0,8.1,14,13,11,5,8,0,8,1,0,0,46,40,12.31,2.640,15.1,5.4,8.6,8.6,1.00
512,Luis Garcia\garcilu03,33,TEX,AL,0,2,.000,7.56,11,2,3,0,0,0,8.1,10,9,7,1,9,1,11,0,0,2,45,62,5.35,2.280,10.8,1.1,9.7,11.9,1.22
513,Ashton Goudeau\goudeas01,27,COL,NL,0,0,,7.56,4,0,2,0,0,0,8.1,15,7,7,3,2,0,2,1,0,1,39,72,8.47,2.040,16.2,3.2,2.2,2.2,1.00
514,Darwinzon Hernandez*\hernada02,23,BOS,AL,1,0,1.000,2.16,7,0,0,0,0,0,8.1,5,2,2,0,8,0,13,1,0,0,40,224,3.31,1.560,5.4,0.0,8.6,14.0,1.63
515,Nick Neidert\neideni01,23,MIA,NL,0,0,,5.40,4,0,1,0,0,0,8.1,10,5,5,1,2,0,4,0,0,0,34,86,4.51,1.440,10.8,1.1,2.2,4.3,2.00
516,Andrew Triggs\triggan01,31,TOT,MLB,0,2,.000,7.56,5,2,1,0,0,0,8.1,8,7,7,3,6,0,7,0,0,0,39,66,8.35,1.680,8.6,3.2,6.5,7.6,1.17
517,Homer Bailey\baileho02,34,MIN,AL,1,0,1.000,3.38,2,2,0,0,0,0,8.0,6,3,3,1,3,0,7,1,0,0,33,134,4.57,1.125,6.8,1.1,3.4,7.9,2.33
518,Andrew Kittredge\kittran01,30,TBR,AL,0,0,,2.25,8,1,1,0,0,1,8.0,8,2,2,0,2,0,3,0,0,0,31,195,3.19,1.250,9.0,0.0,2.3,3.4,1.50
519,Nestor Cortes Jr.*\cortene01,25,SEA,AL,0,1,.000,15.26,5,1,2,0,0,0,7.2,12,14,13,6,6,0,8,2,0,0,44,29,14.41,2.348,14.1,7.0,7.0,9.4,1.33
520,Sean Doolittle*\doolise01,33,WSN,NL,0,2,.000,5.87,11,0,3,0,0,0,7.2,9,6,5,3,4,2,6,0,0,0,36,81,8.28,1.696,10.6,3.5,4.7,7.0,1.50
521,Braxton Garrett*\garrebr01,22,MIA,NL,1,1,.500,5.87,2,2,0,0,0,0,7.2,8,6,5,3,5,0,8,0,0,1,34,79,8.15,1.696,9.4,3.5,5.9,9.4,1.60
522,Taylor Guilbeau*\guilbta01,27,SEA,AL,0,0,,1.17,8,0,3,0,0,0,7.2,8,1,1,0,6,0,3,0,0,1,36,375,4.76,1.826,9.4,0.0,7.0,3.5,0.50
523,Sean Poppen\poppese01,26,MIN,AL,0,0,,4.70,6,0,4,0,0,0,7.2,9,4,4,0,4,0,10,0,0,3,35,97,2.15,1.696,10.6,0.0,4.7,11.7,2.50
524,Carlos Rodon*\rodonca01,27,CHW,AL,0,2,.000,8.22,4,2,0,0,0,0,7.2,9,7,7,1,3,0,6,1,0,1,35,56,4.89,1.565,10.6,1.2,3.5,7.0,2.00
525,Erik Swanson\swanser01,26,SEA,AL,0,2,.000,12.91,9,0,2,0,0,0,7.2,11,12,11,3,2,0,9,2,0,1,37,34,7.50,1.696,12.9,3.5,2.3,10.6,4.50
526,Justin Topa\topaju01,29,MIL,NL,0,1,.000,2.35,6,0,2,0,0,0,7.2,7,3,2,1,0,0,12,0,0,0,30,201,1.76,0.913,8.2,1.2,0.0,14.1,
527,Brandon Bailey\bailebr01,25,HOU,AL,0,0,,2.45,5,0,1,0,0,0,7.1,6,2,2,1,3,0,4,1,0,1,30,191,5.51,1.227,7.4,1.2,3.7,4.9,1.33
528,Ben Braymer*\braymbe01,26,WSN,NL,1,0,1.000,1.23,3,1,0,0,0,0,7.1,7,1,1,0,5,0,8,0,0,0,34,390,3.05,1.636,8.6,0.0,6.1,9.8,1.60
529,Brandon Brennan\brennbr01,28,SEA,AL,0,0,,3.68,5,0,0,0,0,0,7.1,7,3,3,2,5,1,7,0,0,0,33,120,6.87,1.636,8.6,2.5,6.1,8.6,1.40
530,Zack Burdi\burdiza01,25,CHW,AL,0,1,.000,11.05,8,0,0,0,0,0,7.1,11,11,9,4,3,0,11,0,0,1,37,42,8.51,1.909,13.5,4.9,3.7,13.5,3.67
531,Chase De Jong\dejonch01,26,HOU,AL,0,1,.000,14.73,3,2,0,0,0,0,7.1,12,12,12,2,4,0,9,1,0,0,38,32,6.33,2.182,14.7,2.5,4.9,11.0,2.25
532,Zac Grotz\grotzza01,27,SEA,AL,0,0,,14.73,5,0,1,0,0,0,7.1,11,12,12,4,11,0,4,4,0,1,46,30,15.33,3.000,13.5,4.9,13.5,4.9,0.36
533,Deolis Guerra\guerrde01,31,PHI,NL,1,3,.250,8.59,9,0,5,0,0,0,7.1,10,9,7,3,2,0,8,2,0,0,36,55,7.96,1.636,12.3,3.7,2.5,9.8,4.00
534,Josh Taylor*\taylojo02,27,BOS,AL,1,1,.500,9.82,8,0,1,0,0,0,7.1,7,8,8,2,5,0,7,1,0,0,36,49,7.28,1.636,8.6,2.5,6.1,8.6,1.40
535,Anthony Banda*\bandaan01,26,TBR,AL,1,0,1.000,10.29,4,0,3,0,0,1,7.0,10,9,8,1,5,0,4,2,0,0,36,43,6.91,2.143,12.9,1.3,6.4,5.1,0.80
536,David Hess\hessda01,26,BAL,AL,0,0,,6.43,3,0,3,0,0,0,7.0,10,5,5,1,2,0,1,0,0,0,32,74,5.62,1.714,12.9,1.3,2.6,1.3,0.50
537,Drew Smith\smithdr01,26,NYM,NL,0,1,.000,6.43,8,0,3,0,0,0,7.0,6,6,5,2,2,1,7,0,0,1,29,69,5.76,1.143,7.7,2.6,2.6,9.0,3.50
538,Tyler Thornburg\thornty01,31,CIN,NL,0,0,,3.86,7,0,2,0,0,0,7.0,6,3,3,0,5,0,10,0,0,1,32,129,2.48,1.571,7.7,0.0,6.4,12.9,2.00
539,Miguel Yajure\yajurmi01,22,NYY,AL,0,0,,1.29,3,0,3,0,0,0,7.0,3,1,1,1,5,0,8,1,0,1,29,347,5.33,1.143,3.9,1.3,6.4,10.3,1.60
540,Bruce Zimmermann*\zimmebr02,25,BAL,AL,0,0,,7.71,2,1,1,0,0,0,7.0,6,6,6,2,2,0,7,2,0,2,31,61,6.62,1.143,7.7,2.6,2.6,9.0,3.50
541,Beau Burrows\burrobe01,23,DET,AL,0,0,,5.40,5,0,1,0,0,0,6.2,8,4,4,3,1,0,3,1,0,0,30,90,9.04,1.350,10.8,4.1,1.4,4.1,3.00
542,Austin Davis*\davisau01,27,TOT,NL,0,0,,10.80,9,0,3,0,0,0,6.2,11,8,8,1,2,0,5,0,0,0,32,46,4.54,1.950,14.9,1.4,2.7,6.8,2.50
543,Sean Reid-Foley\reidfse01,24,TOR,AL,1,0,1.000,1.35,5,0,2,0,0,0,6.2,3,3,1,0,6,1,6,0,0,0,30,342,4.09,1.350,4.1,0.0,8.1,8.1,1.00
544,Jose Alvarez*\alvarjo02,31,PHI,NL,0,0,,1.42,8,0,1,0,0,0,6.1,7,1,1,0,3,0,6,0,0,0,27,336,2.72,1.579,9.9,0.0,4.3,8.5,2.00
545,David Bednar\bednada01,25,SDP,NL,0,0,,7.11,4,0,3,0,0,0,6.1,11,6,5,1,2,0,5,0,0,0,32,63,4.61,2.053,15.6,1.4,2.8,7.1,2.50
546,Zack Littell\litteza01,24,MIN,AL,0,0,,9.95,6,0,3,0,0,0,6.1,12,7,7,5,3,0,3,1,0,1,31,46,14.40,2.368,17.1,7.1,4.3,4.3,1.00
547,Cionel Pérez*\perezci01,24,HOU,AL,0,0,,2.84,7,0,1,0,0,0,6.1,7,2,2,0,6,1,8,0,0,0,32,166,3.51,2.053,9.9,0.0,8.5,11.4,1.33
548,Clarke Schmidt\schmicl01,24,NYY,AL,0,1,.000,7.11,3,1,2,0,0,0,6.1,7,5,5,0,5,0,7,2,0,1,33,63,4.30,1.895,9.9,0.0,7.1,9.9,1.40
549,Jonathan Stiever\stievjo01,23,CHW,AL,0,1,.000,9.95,2,2,0,0,0,0,6.1,7,7,7,4,4,0,3,0,0,0,29,47,12.35,1.737,9.9,5.7,5.7,4.3,0.75
550,Ryan Buchter*\buchtry01,33,LAA,AL,2,0,1.000,4.50,10,0,1,0,0,0,6.0,5,4,3,2,6,0,8,0,0,1,29,105,7.86,1.833,7.5,3.0,9.0,12.0,1.33
551,Garrett Crochet*\crochga01,21,CHW,AL,0,0,,0.00,5,0,1,0,0,0,6.0,3,0,0,0,0,0,8,1,0,0,22,,1.02,0.500,4.5,0.0,0.0,12.0,
552,Jose De Leon\deleojo03,27,CIN,NL,0,0,,18.00,5,0,2,0,0,0,6.0,6,12,12,1,11,2,10,0,0,0,35,28,7.52,2.833,9.0,1.5,16.5,15.0,0.91
553,Phillip Diehl*\diehlph01,25,COL,NL,0,0,,10.50,6,0,2,0,0,0,6.0,7,7,7,2,1,0,4,0,0,0,25,52,6.69,1.333,10.5,3.0,1.5,6.0,4.00
554,Paolo Espino\espinpa01,33,WSN,NL,0,0,,4.50,2,1,1,0,0,0,6.0,8,3,3,1,2,0,7,0,0,0,27,107,4.02,1.667,12.0,1.5,3.0,10.5,3.50
555,Ben Heller\hellebe01,28,NYY,AL,0,0,,3.00,6,0,2,0,0,0,6.0,5,2,2,2,2,0,6,2,0,0,27,150,7.52,1.167,7.5,3.0,3.0,9.0,3.00
556,Kevin McCarthy\mccarke01,28,KCR,AL,0,0,,4.50,5,0,2,0,0,0,6.0,10,3,3,1,2,0,2,1,0,0,29,107,6.19,2.000,15.0,1.5,3.0,3.0,1.00
557,Patrick Murphy\murphpa02,25,TOR,AL,0,0,,1.50,4,0,2,0,0,0,6.0,6,1,1,0,2,0,5,0,0,0,25,309,2.52,1.333,9.0,0.0,3.0,7.5,2.50
558,Antonio Santos\santoan02,23,COL,NL,0,1,.000,16.50,3,1,0,0,0,0,6.0,14,11,11,1,4,0,4,2,0,0,35,33,7.02,3.000,21.0,1.5,6.0,6.0,1.00
559,Paul Sewald\sewalpa01,30,NYM,NL,0,0,,13.50,5,0,1,0,0,0,6.0,12,9,9,1,4,0,2,1,0,0,35,33,7.19,2.667,18.0,1.5,6.0,3.0,0.50
560,Bryan Shaw\shawbr01,32,SEA,AL,1,0,1.000,18.00,6,0,1,0,0,0,6.0,13,12,12,1,6,0,4,1,0,0,38,25,7.52,3.167,19.5,1.5,9.0,6.0,0.67
561,Justin Verlander\verlaju01,37,HOU,AL,1,0,1.000,3.00,1,1,0,0,0,0,6.0,3,2,2,2,1,0,7,0,0,0,21,158,5.69,0.667,4.5,3.0,1.5,10.5,7.00
562,Kyle Crick\crickky01,27,PIT,NL,0,1,.000,1.59,7,0,2,0,0,0,5.2,7,6,1,0,4,0,7,0,0,0,29,296,2.84,1.941,11.1,0.0,6.4,11.1,1.75
563,Joey Lucchesi*\lucchjo01,27,SDP,NL,0,1,.000,7.94,3,2,0,0,0,0,5.2,13,5,5,0,2,0,5,1,0,0,32,57,3.01,2.647,20.6,0.0,3.2,7.9,2.50
564,Justin Shafer\shafeju01,27,MIA,NL,0,0,,12.71,5,0,0,0,0,0,5.2,8,8,8,2,4,0,5,1,0,0,30,37,8.66,2.118,12.7,3.2,6.4,7.9,1.25
565,Gabe Speier*\speiega01,25,KCR,AL,0,1,.000,7.94,8,0,3,0,0,0,5.2,9,5,5,1,4,0,6,0,0,0,30,61,5.49,2.294,14.3,1.6,6.4,9.5,1.50
566,Trent Thornton\thorntr01,26,TOR,AL,0,0,,11.12,3,3,0,0,0,0,5.2,15,7,7,0,3,0,6,0,0,0,33,42,2.66,3.176,23.8,0.0,4.8,9.5,2.00
567,Edinson Volquez\volqued01,36,TEX,AL,2,1,.667,6.35,7,0,3,0,0,0,5.2,6,4,4,0,2,0,3,1,0,0,26,75,3.72,1.412,9.5,0.0,3.2,4.8,1.50
568,Jordan Zimmermann\zimmejo02,34,DET,AL,0,0,,7.94,3,2,0,0,0,0,5.2,11,6,5,0,2,0,6,0,0,0,28,62,2.13,2.294,17.5,0.0,3.2,9.5,3.00
569,Luke Bard\bardlu01,29,LAA,AL,0,0,,6.75,6,0,3,0,0,0,5.1,7,4,4,2,0,0,7,0,1,0,23,70,5.44,1.313,11.8,3.4,0.0,11.8,
570,Luke Farrell\farrelu01,29,TEX,AL,0,0,,8.44,4,0,1,0,0,0,5.1,5,5,5,1,5,0,8,1,0,2,27,57,6.00,1.875,8.4,1.7,8.4,13.5,1.60
571,Reggie McClain\mcclare01,27,PHI,NL,0,0,,5.06,5,0,1,0,0,0,5.1,9,6,3,1,3,0,2,0,0,0,29,95,6.57,2.250,15.2,1.7,5.1,3.4,0.67
572,Mike Montgomery*\montgmi01,30,KCR,AL,0,0,,5.06,3,1,0,0,0,0,5.1,6,5,3,1,1,0,4,0,0,0,23,96,4.69,1.313,10.1,1.7,1.7,6.8,4.00
573,James Pazos*\pazosja01,29,COL,NL,0,0,,16.88,6,0,3,0,0,0,5.1,10,10,10,3,5,0,1,0,0,0,29,33,12.94,2.813,16.9,5.1,8.4,1.7,0.20
574,Ricardo Sanchez*\sanchri01,23,STL,NL,0,0,,6.75,3,0,1,0,0,0,5.1,5,4,4,1,5,0,4,1,1,0,27,68,7.50,1.875,8.4,1.7,8.4,6.8,0.80
575,Sterling Sharp\sharpst01,25,MIA,NL,0,0,,10.13,4,0,0,0,0,0,5.1,7,7,6,1,5,0,3,1,0,0,29,47,7.88,2.250,11.8,1.7,8.4,5.1,0.60
576,Jhoulys Chacin\chacijh01,32,ATL,NL,1,0,1.000,7.20,2,0,0,0,0,0,5.0,6,4,4,1,3,0,3,0,0,0,24,70,6.39,1.800,10.8,1.8,5.4,5.4,1.00
577,Sam Freeman*\freemsa01,33,WSN,NL,0,0,,1.80,7,0,1,0,0,0,5.0,2,1,1,0,7,1,6,0,0,0,25,271,4.99,1.800,3.6,0.0,12.6,10.8,0.86
578,Branden Kline\klinebr01,28,BAL,AL,0,0,,1.80,3,0,1,0,0,0,5.0,2,1,1,0,3,0,7,0,0,0,20,268,2.19,1.000,3.6,0.0,5.4,12.6,2.33
579,Nick Mears\mearsni01,23,PIT,NL,0,0,,5.40,4,0,2,0,0,0,5.0,4,3,3,1,7,0,7,0,0,1,26,88,7.19,2.200,7.2,1.8,12.6,12.6,1.00
580,Tyson Miller\millety01,24,CHC,NL,0,0,,5.40,2,1,1,0,0,0,5.0,2,3,3,1,3,0,0,0,1,0,20,88,7.59,1.000,3.6,1.8,5.4,0.0,0.00
581,Glenn Sparkman\sparkgl01,28,KCR,AL,0,0,,5.40,4,0,0,0,0,0,5.0,9,6,3,0,1,0,2,0,0,0,27,90,2.99,2.000,16.2,0.0,1.8,3.6,2.00
582,Stephen Strasburg\strasst01,31,WSN,NL,0,1,.000,10.80,2,2,0,0,0,0,5.0,8,6,6,1,1,0,2,0,0,0,23,45,5.59,1.800,14.4,1.8,1.8,3.6,2.00
583,Michel Báez\baezmi01,24,SDP,NL,0,0,,7.71,3,1,1,0,0,0,4.2,7,4,4,0,2,0,7,0,1,0,23,59,1.48,1.929,13.5,0.0,3.9,13.5,3.50
584,Carl Edwards Jr.\edwarca01,28,SEA,AL,0,0,,1.93,5,0,1,0,0,1,4.2,2,1,1,0,1,0,6,0,0,0,17,235,1.26,0.643,3.9,0.0,1.9,11.6,6.00
585,Justin Grimm\grimmju01,31,MIL,NL,0,0,,17.36,4,0,2,0,0,0,4.2,9,9,9,4,4,0,6,0,0,0,27,28,14.33,2.786,17.4,7.7,7.7,11.6,1.50
586,Rob Kaminsky*\kaminro01,25,STL,NL,0,0,,1.93,5,0,3,0,0,0,4.2,3,3,1,0,2,0,3,0,0,0,21,240,3.19,1.071,5.8,0.0,3.9,5.8,1.50
587,Robinson Leyer\leyerro01,27,BOS,AL,0,0,,21.21,6,1,0,0,0,0,4.2,12,11,11,3,8,0,9,0,0,0,34,23,12.83,4.286,23.1,5.8,15.4,17.4,1.13
588,Brian Moran*\moranbr01,31,TOT,MLB,1,0,1.000,9.64,7,0,2,0,0,0,4.2,6,5,5,1,6,0,7,0,0,0,26,53,6.83,2.571,11.6,1.9,11.6,13.5,1.17
589,Kodi Whitley\whitlko01,25,STL,NL,0,0,,1.93,4,0,1,0,0,0,4.2,2,1,1,1,1,0,5,0,0,0,17,240,4.48,0.643,3.9,1.9,1.9,9.6,5.00
590,Joe Biagini\biagijo01,30,HOU,AL,0,0,,20.77,4,0,0,0,0,0,4.1,10,10,10,1,4,0,4,0,0,1,27,23,7.11,3.231,20.8,2.1,8.3,8.3,1.00
591,Wade Davis\daviswa01,34,COL,NL,0,1,.000,20.77,5,0,2,0,0,2,4.1,9,10,10,3,3,1,3,0,0,2,25,27,12.88,2.769,18.7,6.2,6.2,6.2,1.00
592,Aaron Fletcher*\fletcaa01,24,SEA,AL,0,0,,12.46,6,0,0,0,0,0,4.1,7,6,6,1,7,0,7,2,0,0,29,37,9.19,3.231,14.5,2.1,14.5,14.5,1.00
593,Sean Gilmartin*\gilmase01,30,TBR,AL,0,0,,8.31,2,0,0,0,0,0,4.1,7,4,4,2,4,0,5,0,0,0,24,55,9.65,2.538,14.5,4.2,8.3,10.4,1.25
594,Jose Mujica\mujicjo01,24,COL,NL,0,0,,12.46,2,0,1,0,0,0,4.1,10,7,6,2,2,0,1,0,0,0,23,45,10.11,2.769,20.8,4.2,4.2,2.1,0.50
595,Roberto Osuna\osunaro01,25,HOU,AL,0,0,,2.08,4,0,2,0,0,1,4.1,3,1,1,0,0,0,3,0,0,0,16,232,1.81,0.692,6.2,0.0,0.0,6.2,
596,Josh Sborz\sborzjo01,26,LAD,NL,0,0,,2.08,4,0,3,0,0,0,4.1,2,1,1,1,1,0,2,0,0,0,16,220,5.96,0.692,4.2,2.1,2.1,4.2,2.00
597,Domingo Tapia\tapiado01,28,BOS,AL,0,0,,2.08,5,0,0,0,0,0,4.1,4,1,1,1,2,0,4,0,0,0,19,241,5.73,1.385,8.3,2.1,4.2,8.3,2.00
598,Pat Venditte#\vendipa01,35,MIA,NL,0,0,,0.00,3,0,2,0,0,0,4.1,1,0,0,0,0,0,5,2,0,0,15,,2.27,0.231,2.1,0.0,0.0,10.4,
599,Alex Vesia*\vesiaal01,24,MIA,NL,0,1,.000,18.69,5,0,0,0,0,0,4.1,7,10,9,3,7,0,5,0,0,0,27,26,14.73,3.231,14.5,6.2,14.5,10.4,0.71
600,Kirby Yates\yateski01,33,SDP,NL,0,1,.000,12.46,6,0,3,0,0,2,4.1,7,6,6,1,4,0,8,0,0,2,25,37,5.27,2.538,14.5,2.1,8.3,16.6,2.00
601,Austin Adams\adamsau02,29,SDP,NL,0,0,,4.50,3,0,1,0,0,0,4.0,3,2,2,1,2,0,7,0,0,1,17,103,4.44,1.250,6.8,2.3,4.5,15.8,3.50
602,James Bourque\bourqja01,26,WSN,NL,1,0,1.000,6.75,6,0,3,0,0,0,4.0,3,3,3,1,5,0,1,0,0,1,19,73,9.69,2.000,6.8,2.3,11.3,2.3,0.20
603,Blake Cederlind\cederbl01,24,PIT,NL,0,0,,4.50,5,0,2,0,0,0,4.0,3,2,2,0,1,0,4,0,0,1,16,107,1.94,1.000,6.8,0.0,2.3,9.0,4.00
604,Demarcus Evans\evansde01,23,TEX,AL,0,0,,2.25,4,0,0,0,0,0,4.0,3,1,1,1,0,0,4,1,0,0,14,218,5.19,0.750,6.8,2.3,0.0,9.0,
605,Ian Hamilton\hamilia01,25,CHW,AL,0,0,,4.50,4,0,0,0,0,0,4.0,4,2,2,0,5,0,4,0,0,2,20,107,4.94,2.250,9.0,0.0,11.3,9.0,0.80
606,Ariel Jurado\juradar01,24,NYM,NL,0,0,,11.25,1,1,0,0,0,0,4.0,9,5,5,1,0,0,2,0,0,0,21,41,5.44,2.250,20.3,2.3,0.0,4.5,
607,Adonis Medina\medinad01,23,PHI,NL,0,1,.000,4.50,1,1,0,0,0,0,4.0,3,2,2,0,3,0,4,0,1,0,18,109,3.44,1.500,6.8,0.0,6.8,9.0,1.33
608,Mike Morin\morinmi01,29,MIA,NL,1,0,1.000,0.00,3,0,0,0,0,0,4.0,1,0,0,0,1,0,2,0,0,0,12,,2.94,0.500,2.3,0.0,2.3,4.5,2.00
609,Yacksel Rios\riosya01,27,PIT,NL,0,0,,9.00,3,0,1,0,0,0,4.0,3,4,4,0,2,0,3,1,0,0,17,54,3.94,1.250,6.8,0.0,4.5,6.8,1.50
610,Dereck Rodriguez\rodride01,28,SFG,NL,0,0,,13.50,2,0,0,0,0,0,4.0,10,6,6,2,3,0,2,0,0,0,24,34,10.94,3.250,22.5,4.5,6.8,4.5,0.67
611,Jose Ruiz\ruizjo01,25,CHW,AL,0,0,,2.25,5,0,4,0,0,0,4.0,2,1,1,1,0,0,5,0,0,0,14,214,3.94,0.500,4.5,2.3,0.0,11.3,
612,Ranger Suarez*\suarera01,24,PHI,NL,0,1,.000,20.25,3,0,1,0,0,0,4.0,10,9,9,1,4,0,1,1,0,0,26,24,9.69,3.500,22.5,2.3,9.0,2.3,0.25
613,Ronald Bolanos\bolanro01,23,KCR,AL,0,2,.000,12.27,2,2,0,0,0,0,3.2,8,7,5,2,3,0,2,1,0,2,21,41,12.46,3.000,19.6,4.9,7.4,4.9,0.67
614,Miguel Del Pozo*\delpomi01,27,PIT,NL,0,0,,17.18,5,0,1,0,0,0,3.2,7,7,7,0,8,1,2,0,0,1,25,28,8.65,4.091,17.2,0.0,19.6,4.9,0.25
615,Chris Devenski\devench02,29,HOU,AL,0,1,.000,14.73,4,0,0,0,0,0,3.2,7,6,6,1,3,0,5,0,0,0,21,33,6.46,2.727,17.2,2.5,7.4,12.3,1.67
616,Ken Giles\gileske01,29,TOR,AL,0,0,,9.82,4,0,1,0,0,1,3.2,4,4,4,2,4,0,6,0,0,0,19,49,10.28,2.182,9.8,4.9,9.8,14.7,1.50
617,Cole Irvin*\irvinco01,26,PHI,NL,0,1,.000,17.18,3,0,1,0,0,0,3.2,11,7,7,1,1,0,4,0,0,0,22,29,5.37,3.273,27.0,2.5,2.5,9.8,4.00
618,James Kaprielian\kaprija01,26,OAK,AL,0,0,,7.36,2,0,0,0,0,0,3.2,4,3,3,2,2,0,4,0,0,0,17,62,9.74,1.636,9.8,4.9,4.9,9.8,2.00
619,Brooks Kriske\kriskbr01,26,NYY,AL,0,0,,14.73,4,0,2,0,0,0,3.2,3,6,6,1,7,0,8,0,0,2,22,32,8.10,2.727,7.4,2.5,17.2,19.6,1.14
620,Jose Quijada*\quijajo01,24,LAA,AL,0,1,.000,7.36,6,0,1,0,0,0,3.2,6,4,3,1,2,0,6,1,0,0,20,66,5.92,2.182,14.7,2.5,4.9,14.7,3.00
621,Chad Sobotka\sobotch01,26,ATL,NL,0,0,,12.27,4,0,3,0,0,0,3.2,6,5,5,0,2,0,2,0,0,2,20,42,3.74,2.182,14.7,0.0,4.9,4.9,1.00
622,Bryan Abreu\abreubr01,23,HOU,AL,0,0,,2.70,4,0,1,0,0,0,3.1,1,2,1,0,7,0,3,2,0,0,20,183,9.49,2.400,2.7,0.0,18.9,8.1,0.43
623,Rex Brothers*\brothre01,32,CHC,NL,0,0,,8.10,3,0,0,0,0,0,3.1,2,3,3,2,3,0,8,0,1,0,15,60,8.89,1.500,5.4,5.4,8.1,21.6,2.67
624,Matt Davidson\davidma02,29,CIN,NL,0,0,,5.40,3,0,3,0,0,0,3.1,4,2,2,1,2,0,1,0,0,0,15,96,8.29,1.800,10.8,2.7,5.4,2.7,0.50
625,Brett Eibner\eibnebr01,31,MIA,NL,0,0,,13.50,3,0,2,0,0,0,3.1,7,7,5,2,4,1,4,0,0,1,21,36,12.19,3.300,18.9,5.4,10.8,10.8,1.00
626,Mike Foltynewicz\foltymi01,28,ATL,NL,0,1,.000,16.20,1,1,0,0,0,0,3.1,4,6,6,3,4,0,3,0,0,0,16,32,16.69,2.400,10.8,8.1,10.8,8.1,0.75
627,Edgar Garcia\garcied01,23,TBR,AL,0,0,,10.80,4,0,1,0,0,1,3.1,3,4,4,2,4,0,1,0,0,0,16,43,13.99,2.100,8.1,5.4,10.8,2.7,0.25
628,Cole Hamels*\hamelco01,36,ATL,NL,0,1,.000,8.10,1,1,0,0,0,0,3.1,3,3,3,0,1,0,2,0,0,0,14,64,2.89,1.200,8.1,0.0,2.7,5.4,2.00
629,Joe Harvey\harvejo01,28,COL,NL,0,0,,0.00,4,0,1,0,0,0,3.1,3,0,0,0,0,0,2,1,0,0,14,,2.89,0.900,8.1,0.0,0.0,5.4,
630,Trevor Kelley\kelletr01,26,PHI,NL,0,0,,10.80,4,0,2,0,0,0,3.1,8,4,4,2,1,0,5,0,0,1,19,46,8.89,2.700,21.6,5.4,2.7,13.5,5.00
631,Artie Lewicki\lewicar01,28,ARI,NL,0,0,,5.40,2,0,2,0,0,0,3.1,7,2,2,0,1,0,5,0,0,0,18,93,1.09,2.400,18.9,0.0,2.7,13.5,5.00
632,Randy Rosario*\rosarra01,26,KCR,AL,0,1,.000,8.10,4,0,1,0,0,0,3.1,7,3,3,1,3,0,4,1,0,1,21,62,8.29,3.000,18.9,2.7,8.1,10.8,1.33
633,Chris Rusin*\rusinch01,33,ATL,NL,0,0,,8.10,1,0,0,0,0,0,3.1,6,3,3,1,3,0,3,0,0,0,17,64,7.99,2.700,16.2,2.7,8.1,8.1,1.00
634,Hunter Strickland\strichu01,31,NYM,NL,0,1,.000,8.10,4,0,2,0,0,0,3.1,5,4,3,0,1,0,4,0,0,0,16,58,1.69,1.800,13.5,0.0,2.7,10.8,4.00
635,Brandon Waddell*\waddebr01,26,PIT,NL,0,0,,2.70,2,0,1,0,0,0,3.1,2,1,1,0,2,0,2,0,0,0,14,181,3.79,1.200,5.4,0.0,5.4,5.4,1.00
636,Ray Black\blackra01,30,MIL,NL,0,0,,3.00,3,0,2,0,0,0,3.0,2,1,1,0,3,0,3,0,0,0,14,168,4.19,1.667,6.0,0.0,9.0,9.0,1.00
637,Scott Blewett\blewesc01,24,KCR,AL,0,0,,6.00,2,0,1,0,0,0,3.0,6,2,2,0,1,0,4,0,0,0,16,84,1.52,2.333,18.0,0.0,3.0,12.0,4.00
638,Junior Fernandez\fernaju01,23,STL,NL,0,0,,18.00,3,0,2,0,0,0,3.0,6,6,6,1,2,0,2,0,0,0,16,27,8.19,2.667,18.0,3.0,6.0,6.0,1.00
639,Sam Gaviglio\gavigsa01,30,TOR,AL,0,1,.000,9.00,4,0,1,0,0,0,3.0,3,3,3,0,5,0,1,0,1,0,17,54,7.52,2.667,9.0,0.0,15.0,3.0,0.20
640,Joel Kuhnel\kuhnejo01,25,CIN,NL,1,0,1.000,6.00,3,0,1,0,0,0,3.0,4,2,2,2,0,0,3,0,0,0,13,88,9.86,1.333,12.0,6.0,0.0,9.0,
641,Alex McRae\mcraeal01,27,CHW,AL,0,0,,0.00,2,0,1,0,0,0,3.0,1,0,0,0,0,0,2,0,0,0,10,,1.86,0.333,3.0,0.0,0.0,6.0,
642,Joel Payamps\payamjo01,26,ARI,NL,0,0,,3.00,2,0,1,0,0,0,3.0,2,2,1,0,3,0,2,0,0,0,13,169,4.86,1.667,6.0,0.0,9.0,6.0,0.67
643,Johan Quezada\quezajo01,25,MIA,NL,0,0,,9.00,3,0,2,0,0,0,3.0,4,3,3,1,1,0,2,0,0,0,12,55,7.19,1.667,12.0,3.0,3.0,6.0,2.00
644,Mitch White\whitemi03,25,LAD,NL,1,0,1.000,0.00,2,0,2,0,0,0,3.0,1,0,0,0,1,0,2,0,0,0,11,,2.86,0.667,3.0,0.0,3.0,6.0,2.00
645,Danny Coulombe*\couloda01,30,MIN,AL,0,0,,0.00,2,0,2,0,0,0,2.2,2,0,0,0,3,0,3,0,0,0,13,,4.32,1.875,6.8,0.0,10.1,10.1,1.00
646,Seth Frankoff\frankse01,31,SEA,AL,0,0,,16.88,2,0,1,0,0,0,2.2,6,5,5,0,2,0,0,0,0,0,16,28,5.44,3.000,20.3,0.0,6.8,0.0,0.00
647,Ryan Meisinger\meisiry01,26,STL,NL,0,0,,0.00,2,0,0,0,0,0,2.2,1,0,0,0,4,0,3,1,0,0,13,,6.57,1.875,3.4,0.0,13.5,10.1,0.75
648,Angel Perdomo*\perdoan01,26,MIL,NL,0,0,,20.25,3,0,1,0,0,0,2.2,3,7,6,0,7,1,5,1,1,0,19,25,8.44,3.750,10.1,0.0,23.6,16.9,0.71
649,AJ Ramos\ramosaj01,33,COL,NL,0,0,,3.38,3,0,0,0,0,0,2.2,4,1,1,1,3,0,1,0,0,0,15,172,10.69,2.625,13.5,3.4,10.1,3.4,0.33
650,Seth Romero*\romerse01,24,WSN,NL,0,0,,13.50,3,0,0,0,0,0,2.2,5,4,4,1,3,0,5,0,0,1,18,38,7.69,3.000,16.9,3.4,10.1,16.9,1.67
651,Paul Blackburn\blackpa01,26,OAK,AL,0,1,.000,27.00,1,1,0,0,0,0,2.1,5,7,7,0,2,0,2,0,0,1,14,18,4.05,3.000,19.3,0.0,7.7,7.7,1.00
652,Nick Burdi\burdini01,27,PIT,NL,0,1,.000,3.86,3,0,3,0,0,1,2.1,2,1,1,0,2,0,4,0,0,0,10,132,2.33,1.714,7.7,0.0,7.7,15.4,2.00
653,Tommy Doyle\doyleto01,24,COL,NL,0,0,,23.14,3,0,2,0,0,0,2.1,6,6,6,0,4,0,2,0,0,0,17,25,6.62,4.286,23.1,0.0,15.4,7.7,0.50
654,Kelvin Herrera\herreke01,30,CHW,AL,0,0,,15.43,2,0,1,0,0,0,2.1,3,4,4,2,1,0,3,0,0,0,11,33,13.05,1.714,11.6,7.7,3.9,11.6,3.00
655,Kyle Keller\kelleky01,27,LAA,AL,0,0,,7.71,2,0,1,0,0,0,2.1,3,2,2,0,2,0,1,0,0,1,13,66,4.91,2.143,11.6,0.0,7.7,3.9,0.50
656,Joe Mantiply*\mantijo01,29,ARI,NL,0,0,,15.43,4,0,1,0,0,0,2.1,3,4,4,0,4,0,2,0,0,0,15,34,6.62,3.000,11.6,0.0,15.4,7.7,0.50
657,Joe Palumbo*\palumjo01,25,TEX,AL,0,1,.000,11.57,2,0,0,0,0,0,2.1,3,3,3,1,3,0,5,0,0,0,14,45,8.33,2.571,11.6,3.9,11.6,19.3,1.67
658,Brad Peacock\peacobr01,32,HOU,AL,0,0,,7.71,3,0,0,0,0,0,2.1,3,2,2,0,1,0,3,1,0,0,12,66,3.19,1.714,11.6,0.0,3.9,11.6,3.00
659,Pedro Strop\stroppe01,35,CIN,NL,0,0,,3.86,4,0,0,0,0,0,2.1,1,3,1,0,6,0,3,0,0,1,15,140,8.33,3.000,3.9,0.0,23.1,11.6,0.50
660,Jose Suarez*\suarejo01,22,LAA,AL,0,2,.000,38.57,2,2,0,0,0,0,2.1,10,10,10,1,5,0,2,1,0,1,23,13,14.76,6.429,38.6,3.9,19.3,7.7,0.40
661,Bobby Wahl\wahlbo01,28,MIL,NL,0,1,.000,11.57,3,0,1,0,0,0,2.1,4,3,3,2,0,0,1,0,0,0,11,45,13.48,1.714,15.4,7.7,0.0,3.9,
662,Jimmy Yacabonis\yacabji01,28,SEA,AL,0,1,.000,3.86,2,1,1,0,0,0,2.1,2,1,1,0,3,0,1,1,0,0,13,126,7.48,2.143,7.7,0.0,11.6,3.9,0.33
663,Orlando Arcia\arciaor01,25,MIL,NL,0,0,,18.00,2,0,2,0,0,0,2.0,4,4,4,1,1,0,0,0,0,0,11,29,11.19,2.500,18.0,4.5,4.5,0.0,0.00
664,Cody Carroll\carroco01,27,BAL,AL,0,0,,54.00,3,0,0,0,0,0,2.0,9,12,12,0,5,0,3,1,0,2,21,10,9.19,7.000,40.5,0.0,22.5,13.5,0.60
665,Santiago Espinal\espinsa01,25,TOR,AL,0,0,,9.00,2,0,2,0,0,0,2.0,3,2,2,1,1,0,0,1,0,0,11,57,12.69,2.000,13.5,4.5,4.5,0.0,0.00
666,Bernardo Flores Jr.*\florebe01,24,CHW,AL,0,0,,9.00,2,0,1,0,0,0,2.0,4,2,2,0,0,0,2,0,0,0,10,58,1.19,2.000,18.0,0.0,0.0,9.0,
667,Cory Gearrin\gearrco01,34,MIN,AL,0,0,,0.00,1,0,1,0,0,0,2.0,0,0,0,0,2,0,1,0,0,0,7,,5.19,1.000,0.0,0.0,9.0,4.5,0.50
668,Daulton Jefferies\jeffeda01,24,OAK,AL,0,1,.000,22.50,1,1,0,0,0,0,2.0,5,5,5,2,2,0,1,0,0,0,13,22,18.19,3.500,22.5,9.0,9.0,4.5,0.50
669,Keone Kela\kelake01,27,PIT,NL,0,0,,4.50,3,0,1,0,0,0,2.0,3,1,1,1,1,0,3,0,0,0,10,116,8.19,2.000,13.5,4.5,4.5,13.5,3.00
670,Erik Kratz\kratzer01,40,NYY,AL,0,0,,9.00,2,0,2,0,0,0,2.0,2,2,2,2,0,0,0,1,0,0,9,56,17.69,1.000,9.0,9.0,0.0,0.0,
671,Jimmy Lambert\lambeji01,25,CHW,AL,0,0,,0.00,2,0,1,0,0,0,2.0,2,0,0,0,0,0,2,0,0,0,8,,1.19,1.000,9.0,0.0,0.0,9.0,
672,Jose Leclerc\leclejo01,26,TEX,AL,0,0,,4.50,2,0,2,0,0,1,2.0,2,1,1,0,2,0,3,0,0,0,10,117,3.19,2.000,9.0,0.0,9.0,13.5,1.50
673,Carlos Sanabria\sanabca01,23,HOU,AL,0,0,,9.00,2,0,2,0,0,0,2.0,3,2,2,1,3,0,2,0,0,2,12,58,12.19,3.000,13.5,4.5,13.5,9.0,0.67
674,Aaron Barrett\barreaa01,32,WSN,NL,0,0,,10.80,2,0,0,0,0,0,1.2,2,2,2,0,2,1,1,1,0,0,9,51,7.39,2.400,10.8,0.0,10.8,5.4,0.50
675,Drew Butera\buterdr01,36,COL,NL,0,0,,5.40,1,0,1,0,0,0,1.2,3,1,1,0,0,0,1,0,0,0,8,114,1.99,1.800,16.2,0.0,0.0,5.4,
676,Tucker Davidson*\davidtu01,24,ATL,NL,0,1,.000,10.80,1,1,0,0,0,0,1.2,3,7,2,1,4,0,2,0,0,0,13,53,15.79,4.200,16.2,5.4,21.6,10.8,0.50
677,Michael Feliz\felizmi01,27,PIT,NL,0,0,,32.40,3,0,0,0,0,0,1.2,4,6,6,1,2,0,2,1,0,0,12,17,13.99,3.600,21.6,5.4,10.8,10.8,1.00
678,Foster Griffin*\grifffo01,24,KCR,AL,1,0,1.000,0.00,1,0,0,0,0,0,1.2,0,0,0,0,0,0,1,0,0,0,6,,1.99,0.000,0.0,0.0,0.0,5.4,
679,Tyler Lyons*\lyonsty01,32,NYY,AL,0,0,,21.60,1,0,0,0,0,0,1.2,3,4,4,0,1,0,0,1,0,0,10,24,6.79,2.400,16.2,0.0,5.4,0.0,0.00
680,James Norwood\norwoja01,26,CHC,NL,0,0,,16.20,3,0,0,0,0,0,1.2,4,3,3,0,1,0,0,0,0,1,9,33,4.99,3.000,21.6,0.0,5.4,0.0,0.00
681,Shohei Ohtani\ohtansh01,25,LAA,AL,0,1,.000,37.80,2,2,0,0,0,0,1.2,3,7,7,0,8,0,3,0,0,1,16,14,13.99,6.600,16.2,0.0,43.2,16.2,0.38
682,Hector Perez\perezhe02,24,TOR,AL,0,0,,10.80,1,0,0,0,0,0,1.2,3,2,2,1,3,0,1,0,0,0,10,49,15.19,3.600,16.2,5.4,16.2,5.4,0.33
683,Dillon Peters*\peterdi01,27,LAA,AL,0,0,,16.20,1,1,0,0,0,0,1.2,3,4,3,2,0,0,2,0,0,0,9,33,16.39,1.800,16.2,10.8,0.0,10.8,
684,Jose Rodriguez\rodrijo07,24,LAA,AL,0,0,,0.00,1,0,0,0,0,0,1.2,2,0,0,0,1,0,0,0,0,0,8,,4.99,1.800,10.8,0.0,5.4,0.0,0.00
685,Josh D. Smith*\smithjo08,30,MIA,NL,0,0,,10.80,2,0,0,0,0,0,1.2,2,2,2,1,1,0,4,2,0,0,10,50,11.59,1.800,10.8,5.4,5.4,21.6,4.00
686,Albert Abreu\abreual01,24,NYY,AL,0,1,.000,20.25,2,0,1,0,0,0,1.1,4,4,3,1,2,0,2,1,0,0,11,27,16.69,4.500,27.0,6.8,13.5,13.5,1.00
687,Drew Anderson\anderdr02,26,CHW,AL,0,1,.000,40.50,1,0,0,0,0,0,1.1,4,6,6,2,2,0,2,0,0,1,10,14,24.19,4.500,27.0,13.5,13.5,13.5,1.00
688,Clay Holmes\holmecl01,27,PIT,NL,0,0,,0.00,1,0,0,0,0,0,1.1,2,0,0,0,0,0,1,0,0,0,6,,1.69,1.500,13.5,0.0,0.0,6.8,
689,Brock Holt\holtbr01,32,WSN,NL,0,0,,13.50,2,0,2,0,0,0,1.1,5,2,2,1,0,0,0,0,0,0,10,42,12.94,3.750,33.8,6.8,0.0,0.0,
690,Dany Jimenez\jimenda01,26,SFG,NL,0,0,,6.75,2,0,1,0,0,0,1.1,1,1,1,0,3,0,1,0,0,0,8,80,8.44,3.000,6.8,0.0,20.3,6.8,0.33
691,Juan Nicasio\nicasju01,33,TEX,AL,0,0,,40.50,2,0,0,0,0,0,1.1,5,6,6,1,2,0,1,0,0,0,11,14,15.94,5.250,33.8,6.8,13.5,6.8,0.50
692,Sal Romano\romansa01,26,CIN,NL,1,0,1.000,0.00,2,0,1,0,0,0,1.1,0,0,0,0,0,0,0,0,0,0,4,,3.19,0.000,0.0,0.0,0.0,0.0,
693,Ehire Adrianza\adriaeh01,30,MIN,AL,0,0,,9.00,1,0,1,0,0,0,1.0,1,1,1,1,0,0,0,1,0,0,5,65,19.19,1.000,9.0,9.0,0.0,0.0,
694,Anthony Bemboom\bemboan01,30,LAA,AL,0,0,,0.00,1,0,1,0,0,0,1.0,0,0,0,0,1,0,0,0,0,0,4,,6.19,1.000,0.0,0.0,9.0,0.0,0.00
695,Phil Bickford\bickfph01,24,MIL,NL,0,0,,36.00,1,0,0,0,0,0,1.0,4,4,4,0,0,0,2,2,0,1,9,17,5.19,4.000,36.0,0.0,0.0,18.0,
696,Silvino Bracho\brachsi01,27,ARI,NL,0,0,,18.00,1,0,0,0,0,0,1.0,2,2,2,1,0,0,1,0,0,0,5,34,14.19,2.000,18.0,9.0,0.0,9.0,
697,Jeff Brigham\brighje01,28,MIA,NL,0,0,,9.00,1,0,0,0,0,0,1.0,2,1,1,0,0,0,0,0,0,0,5,66,3.19,2.000,18.0,0.0,0.0,0.0,
698,Anthony Castro\castran02,25,DET,AL,0,0,,18.00,1,0,1,0,0,0,1.0,1,2,2,1,1,0,1,0,0,0,5,34,17.19,2.000,9.0,9.0,9.0,9.0,1.00
699,Jesus Cruz\cruzje01,25,STL,NL,0,0,,18.00,1,0,0,0,0,0,1.0,3,2,2,0,1,0,2,0,0,0,7,32,2.19,4.000,27.0,0.0,9.0,18.0,2.00
700,Travis Demeritte\demertr01,25,DET,AL,0,0,,36.00,1,0,1,0,0,0,1.0,4,4,4,2,0,0,0,0,0,0,7,17,29.19,4.000,36.0,18.0,0.0,0.0,
701,Matt Dermody*\dermoma01,29,CHC,NL,0,0,,0.00,1,0,1,0,0,0,1.0,0,0,0,0,0,0,1,0,0,0,3,,1.19,0.000,0.0,0.0,0.0,9.0,
702,Logan Forsythe\forsylo01,33,MIA,NL,0,0,,9.00,1,0,1,0,0,0,1.0,2,1,1,0,1,0,0,0,0,1,6,66,6.19,3.000,18.0,0.0,9.0,0.0,0.00
703,Todd Frazier\frazito01,34,NYM,NL,0,0,,0.00,1,0,1,0,0,0,1.0,0,0,0,0,0,0,1,0,0,0,3,,1.19,0.000,0.0,0.0,0.0,9.0,
704,Matt Grace*\gracema02,31,ARI,NL,0,1,.000,54.00,3,0,1,0,0,0,1.0,5,6,6,1,2,0,2,0,0,0,10,11,18.19,7.000,45.0,9.0,18.0,18.0,1.00
705,Luis Guillorme\guilllu01,25,NYM,NL,0,0,,0.00,1,0,1,0,0,0,1.0,0,0,0,0,0,0,0,0,0,0,3,,3.19,0.000,0.0,0.0,0.0,0.0,
706,Jorge Guzman\guzmajo04,24,MIA,NL,0,0,,18.00,1,0,0,0,0,0,1.0,2,2,2,2,1,0,0,1,0,0,7,33,35.19,3.000,18.0,18.0,9.0,0.0,0.00
707,Jedd Gyorko\gyorkje01,31,MIL,NL,0,0,,0.00,1,0,1,0,0,0,1.0,1,0,0,0,0,0,0,0,0,0,4,,3.19,1.000,9.0,0.0,0.0,0.0,
708,Tyler Heineman\heinety01,29,SFG,NL,0,0,,0.00,1,0,1,0,0,0,1.0,1,0,0,0,0,0,0,0,0,0,3,,3.19,1.000,9.0,0.0,0.0,0.0,
709,Tommy Kahnle\kahnlto01,30,NYY,AL,0,0,,0.00,1,0,0,0,0,0,1.0,1,0,0,0,1,1,3,0,0,0,6,,0.19,2.000,9.0,0.0,9.0,27.0,3.00
710,Carson Kelly\kellyca02,25,ARI,NL,0,0,,0.00,1,0,1,0,0,0,1.0,1,0,0,0,0,0,0,0,0,0,4,,3.19,1.000,9.0,0.0,0.0,0.0,
711,Corey Kluber\klubeco01,34,TEX,AL,0,0,,0.00,1,1,0,0,0,0,1.0,0,0,0,0,1,0,1,0,0,0,3,,4.19,1.000,0.0,0.0,9.0,9.0,1.00
712,Tzu-Wei Lin\lintz02,26,BOS,AL,0,0,,27.00,1,0,1,0,0,0,1.0,4,3,3,1,0,0,0,0,0,0,7,23,16.19,4.000,36.0,9.0,0.0,0.0,
713,Mauricio Llovera\llovema01,24,PHI,NL,0,0,,36.00,1,0,0,0,0,0,1.0,5,4,4,0,1,0,1,1,0,0,10,17,7.19,6.000,45.0,0.0,9.0,9.0,1.00
714,Tim Lopes\lopesti01,26,SEA,AL,0,0,,18.00,1,0,1,0,0,0,1.0,2,2,2,0,1,0,0,0,0,0,6,32,6.19,3.000,18.0,0.0,9.0,0.0,0.00
715,Richard Lovelady*\lovelri01,24,KCR,AL,0,0,,9.00,1,0,0,0,0,0,1.0,1,1,1,1,1,0,0,0,0,0,4,68,19.19,2.000,9.0,9.0,9.0,0.0,0.00
716,Dillon Maples\mapledi01,28,CHC,NL,0,0,,18.00,2,0,1,0,0,0,1.0,1,3,2,0,4,0,1,0,0,0,9,33,13.19,5.000,9.0,0.0,36.0,9.0,0.25
717,John Ryan Murphy\murphjr01,29,PIT,NL,0,0,,0.00,1,0,1,0,0,0,1.0,0,0,0,0,0,0,0,0,0,0,3,,3.19,0.000,0.0,0.0,0.0,0.0,
718,Yolmer Sanchez\sanchca01,28,CHW,AL,0,0,,9.00,1,0,1,0,0,0,1.0,2,1,1,1,0,0,0,0,0,0,4,66,16.19,2.000,18.0,9.0,0.0,0.0,
719,Max Schrock\schroma01,25,STL,NL,0,0,,0.00,1,0,1,0,0,0,1.0,0,0,0,0,0,0,0,0,0,0,3,,3.19,0.000,0.0,0.0,0.0,0.0,
720,Brad Wieck*\wieckbr01,28,CHC,NL,0,0,,18.00,1,0,0,0,0,0,1.0,1,2,2,1,1,0,2,0,0,0,5,33,15.19,2.000,9.0,9.0,9.0,18.0,2.00
721,Jesse Biddle*\biddlje01,28,CIN,NL,0,0,,0.00,1,0,0,0,0,0,0.2,1,0,0,0,1,0,1,0,0,0,4,,4.69,3.000,13.5,0.0,13.5,13.5,1.00
722,Garrett Cleavinger*\cleavga01,26,PHI,NL,0,0,,13.50,1,0,1,0,0,0,0.2,2,1,1,1,0,0,1,0,0,0,4,51,19.69,3.000,27.0,13.5,0.0,13.5,
723,Brailyn Marquez*\marqubr01,21,CHC,NL,0,0,,67.50,1,0,0,0,0,0,0.2,2,5,5,0,3,0,1,0,0,2,7,10,13.69,7.500,27.0,0.0,40.5,13.5,0.33
724,Kyle Nelson*\nelsoky01,23,CLE,AL,0,0,,54.00,1,0,0,0,0,0,0.2,3,4,4,1,1,0,0,0,0,0,6,13,27.19,6.000,40.5,13.5,13.5,0.0,0.00
725,Kevin Plawecki\plaweke01,29,BOS,AL,0,0,,0.00,1,0,1,0,0,0,0.2,0,0,0,0,1,0,0,0,0,0,3,,7.69,1.500,0.0,0.0,13.5,0.0,0.00
726,Roel Ramirez\ramirro02,25,STL,NL,0,0,,81.00,1,0,0,0,0,0,0.2,6,6,6,4,1,0,1,0,0,1,8,8,82.69,10.500,81.0,54.0,13.5,13.5,1.00
727,Neil Walker\walkene01,34,PHI,NL,0,0,,0.00,1,0,1,0,0,0,0.2,0,0,0,0,1,0,0,0,0,0,3,,7.69,1.500,0.0,0.0,13.5,0.0,0.00
728,Patrick Weigel\weigepa01,25,ATL,NL,0,0,,27.00,1,0,0,0,0,0,0.2,2,2,2,0,3,0,0,0,0,1,7,26,16.69,7.500,27.0,0.0,40.5,0.0,0.00
729,Jeremy Beasley\beaslje01,24,ARI,NL,0,0,,0.00,1,0,1,0,0,0,0.1,2,0,0,0,0,0,1,0,0,0,3,,-2.81,6.000,54.0,0.0,0.0,27.0,
730,Mike Brosseau\brossmi01,26,TBR,AL,0,0,,0.00,1,0,1,0,0,0,0.1,0,0,0,0,0,0,1,0,0,0,1,,-2.81,0.000,0.0,0.0,0.0,27.0,
731,Edwar Colina\colined01,23,MIN,AL,0,0,,81.00,1,0,0,0,0,0,0.1,4,3,3,1,2,0,0,0,0,0,7,11,60.19,18.000,108.0,27.0,54.0,0.0,0.00
732,Charlie Culberson\culbech01,31,ATL,NL,0,0,,0.00,1,0,1,0,0,0,0.1,0,0,0,0,0,0,0,0,0,0,1,,3.19,0.000,0.0,0.0,0.0,0.0,
733,Bryan Holaday\holadbr01,32,BAL,AL,0,0,,0.00,1,0,1,0,0,0,0.1,2,0,0,0,0,0,0,0,0,1,3,,3.19,6.000,54.0,0.0,0.0,0.0,
734,Jordan Holloway\hollojo01,24,MIA,NL,0,0,,0.00,1,0,0,0,0,0,0.1,2,0,0,0,1,0,0,0,0,0,4,,12.19,9.000,54.0,0.0,27.0,0.0,0.00
735,David McKay\mckayda02,25,DET,AL,0,0,,54.00,1,0,0,0,0,0,0.1,1,2,2,1,1,0,0,0,0,0,3,17,51.19,6.000,27.0,27.0,27.0,0.0,0.00
736,Jose Peraza\perazjo01,26,BOS,AL,0,0,,27.00,1,0,0,0,0,0,0.1,2,1,1,0,0,0,0,0,0,0,3,34,3.19,6.000,54.0,0.0,0.0,0.0,